Year,Round,RaceName,FullName,Team,first_lap_gain,tire_degradation,quali_race_gap,had_safety_car,grid,finish
2025,3,Japanese Grand Prix,Max Verstappen,Red Bull Racing,0.0,-0.0722776101874452,0.0,False,1.0,1.0
2025,3,Japanese Grand Prix,Lando Norris,McLaren,0.0,-0.0746122944779635,0.0,False,2.0,2.0
2025,3,Japanese Grand Prix,Oscar Piastri,McLaren,0.0,-0.0821183273408929,0.0,False,3.0,3.0
2025,3,Japanese Grand Prix,Charles Leclerc,Ferrari,0.0,-0.0667598328190497,0.0,False,4.0,4.0
2025,3,Japanese Grand Prix,George Russell,Mercedes,0.0,-0.0851733720568817,0.0,False,5.0,5.0
2025,3,Japanese Grand Prix,Kimi Antonelli,Mercedes,0.0,-0.0007859814082705,0.0,False,6.0,6.0
2025,3,Japanese Grand Prix,Lewis Hamilton,Ferrari,0.0,-0.0052564089849746,1.0,False,8.0,7.0
2025,3,Japanese Grand Prix,Isack Hadjar,Racing Bulls,0.0,-0.0789923694660128,-1.0,False,7.0,8.0
2025,3,Japanese Grand Prix,Alexander Albon,Williams,0.0,-0.0929756462112772,0.0,False,9.0,9.0
2025,3,Japanese Grand Prix,Oliver Bearman,Haas F1 Team,0.0,-0.0675570945401858,0.0,False,10.0,10.0
2025,3,Japanese Grand Prix,Fernando Alonso,Aston Martin,1.0,-0.0604620348660127,1.0,False,12.0,11.0
2025,3,Japanese Grand Prix,Yuki Tsunoda,Red Bull Racing,1.0,-0.0750103643551673,2.0,False,14.0,12.0
2025,3,Japanese Grand Prix,Pierre Gasly,Alpine,-1.0,-0.0538722311555635,-2.0,False,11.0,13.0
2025,3,Japanese Grand Prix,Carlos Sainz,Williams,-1.0,0.0336868350757593,1.0,False,15.0,14.0
2025,3,Japanese Grand Prix,Jack Doohan,Alpine,1.0,-0.0594516566181737,4.0,False,19.0,15.0
2025,3,Japanese Grand Prix,Nico Hulkenberg,Kick Sauber,1.0,-0.0663771206225656,0.0,False,16.0,16.0
2025,3,Japanese Grand Prix,Liam Lawson,Racing Bulls,-1.0,0.0249273591857404,-4.0,False,13.0,17.0
2025,3,Japanese Grand Prix,Esteban Ocon,Haas F1 Team,1.0,0.0134956196740924,0.0,False,18.0,18.0
2025,3,Japanese Grand Prix,Gabriel Bortoleto,Kick Sauber,-3.0,-0.0047143925633062,-2.0,False,17.0,19.0
2025,3,Japanese Grand Prix,Lance Stroll,Aston Martin,1.0,-0.0827532001984601,0.0,False,20.0,20.0
2024,4,Japanese Grand Prix,Max Verstappen,Red Bull Racing,0.0,0.0208340331933644,0.0,False,1.0,1.0
2024,4,Japanese Grand Prix,Sergio Perez,Red Bull Racing,0.0,-0.0124013282732424,0.0,False,2.0,2.0
2024,4,Japanese Grand Prix,Carlos Sainz,Ferrari,0.0,0.0262742389649936,1.0,False,4.0,3.0
2024,4,Japanese Grand Prix,Charles Leclerc,Ferrari,0.0,-0.0463209152865567,4.0,False,8.0,4.0
2024,4,Japanese Grand Prix,Lando Norris,McLaren,0.0,-0.0605145749625756,-2.0,False,3.0,5.0
2024,4,Japanese Grand Prix,Fernando Alonso,Aston Martin,0.0,-0.0165876001780937,-1.0,False,5.0,6.0
2024,4,Japanese Grand Prix,George Russell,Mercedes,0.0,0.119490741321948,2.0,False,9.0,7.0
2024,4,Japanese Grand Prix,Oscar Piastri,McLaren,0.0,0.0058347818720859,-2.0,False,6.0,8.0
2024,4,Japanese Grand Prix,Lewis Hamilton,Mercedes,0.0,0.1823779851336363,-2.0,False,7.0,9.0
2024,4,Japanese Grand Prix,Yuki Tsunoda,RB,-2.0,-0.0475698159640479,0.0,False,10.0,10.0
2024,4,Japanese Grand Prix,Nico Hulkenberg,Haas F1 Team,2.0,0.0908530841689431,1.0,False,12.0,11.0
2024,4,Japanese Grand Prix,Lance Stroll,Aston Martin,1.0,-0.010334641148322,4.0,False,16.0,12.0
2024,4,Japanese Grand Prix,Kevin Magnussen,Haas F1 Team,2.0,-0.1687607432798124,5.0,False,18.0,13.0
2024,4,Japanese Grand Prix,Valtteri Bottas,Kick Sauber,2.0,-0.1688904126204963,-1.0,False,13.0,14.0
2024,4,Japanese Grand Prix,Esteban Ocon,Alpine,2.0,-0.3030325860435708,0.0,False,15.0,15.0
2024,4,Japanese Grand Prix,Pierre Gasly,Alpine,3.0,-0.289766677553687,1.0,False,17.0,16.0
2024,4,Japanese Grand Prix,Logan Sargeant,Williams,2.0,-0.0288156485629995,2.0,False,19.0,17.0
2024,4,Japanese Grand Prix,Guanyu Zhou,Kick Sauber,2.0,-4.5118292682926775,2.0,False,20.0,18.0
2024,4,Japanese Grand Prix,Daniel Ricciardo,RB,0.0,0.0,-8.0,False,11.0,19.0
2024,4,Japanese Grand Prix,Alexander Albon,Williams,0.0,0.0,-6.0,False,14.0,20.0
2023,16,Japanese Grand Prix,Max Verstappen,Red Bull Racing,0.0,0.0824171779141056,0.0,True,1.0,1.0
2023,16,Japanese Grand Prix,Lando Norris,McLaren,1.0,0.0846477870628311,1.0,True,3.0,2.0
2023,16,Japanese Grand Prix,Oscar Piastri,McLaren,-1.0,0.0213197813460891,-1.0,True,2.0,3.0
2023,16,Japanese Grand Prix,Charles Leclerc,Ferrari,0.0,0.0539278606965194,0.0,True,4.0,4.0
2023,16,Japanese Grand Prix,Lewis Hamilton,Mercedes,-1.0,0.0442463768115939,2.0,True,7.0,5.0
2023,16,Japanese Grand Prix,Carlos Sainz,Ferrari,1.0,0.0978364599426183,0.0,True,6.0,6.0
2023,16,Japanese Grand Prix,George Russell,Mercedes,-1.0,0.0347546411002183,1.0,True,8.0,7.0
2023,16,Japanese Grand Prix,Fernando Alonso,Aston Martin,4.0,0.0272318373446946,2.0,True,10.0,8.0
2023,16,Japanese Grand Prix,Esteban Ocon,Alpine,-5.0,0.0519576364414193,5.0,True,14.0,9.0
2023,16,Japanese Grand Prix,Pierre Gasly,Alpine,-2.0,0.1226488919316375,2.0,True,12.0,10.0
2023,16,Japanese Grand Prix,Liam Lawson,AlphaTauri,1.0,-0.0334830908119033,0.0,True,11.0,11.0
2023,16,Japanese Grand Prix,Yuki Tsunoda,AlphaTauri,-2.0,0.0648180388044051,-3.0,True,9.0,12.0
2023,16,Japanese Grand Prix,Guanyu Zhou,Alfa Romeo,1.0,-0.0327916839056681,6.0,True,19.0,13.0
2023,16,Japanese Grand Prix,Nico Hulkenberg,Haas F1 Team,5.0,0.0014574413426972,4.0,True,18.0,14.0
2023,16,Japanese Grand Prix,Kevin Magnussen,Haas F1 Team,0.0,0.0555350129363379,0.0,True,15.0,15.0
2023,16,Japanese Grand Prix,Alexander Albon,Williams,-4.0,0.0808278350515434,-3.0,True,13.0,16.0
2023,16,Japanese Grand Prix,Logan Sargeant,Williams,4.0,0.0857400881057232,3.0,True,20.0,17.0
2023,16,Japanese Grand Prix,Lance Stroll,Aston Martin,5.0,0.087372434017594,-1.0,True,17.0,18.0
2023,16,Japanese Grand Prix,Sergio Perez,Red Bull Racing,-2.0,0.1083928571428482,-14.0,True,5.0,19.0
2023,16,Japanese Grand Prix,Valtteri Bottas,Alfa Romeo,-4.0,0.0,-4.0,True,16.0,20.0
2025,24,Abu Dhabi Grand Prix,Max Verstappen,Red Bull Racing,0.0,-0.0208350917213193,0.0,False,1.0,1.0
2025,24,Abu Dhabi Grand Prix,Oscar Piastri,McLaren,1.0,0.0290752753912336,1.0,False,3.0,2.0
2025,24,Abu Dhabi Grand Prix,Lando Norris,McLaren,-1.0,-0.0469156355328331,-1.0,False,2.0,3.0
2025,24,Abu Dhabi Grand Prix,Charles Leclerc,Ferrari,1.0,-0.0583646330264958,1.0,False,5.0,4.0
2025,24,Abu Dhabi Grand Prix,George Russell,Mercedes,-2.0,-0.0298161352621933,-1.0,False,4.0,5.0
2025,24,Abu Dhabi Grand Prix,Fernando Alonso,Aston Martin,1.0,-0.0410210501266084,0.0,False,6.0,6.0
2025,24,Abu Dhabi Grand Prix,Esteban Ocon,Haas F1 Team,-1.0,-0.0339847674095028,1.0,False,8.0,7.0
2025,24,Abu Dhabi Grand Prix,Lewis Hamilton,Ferrari,2.0,0.0003427175782602,8.0,False,16.0,8.0
2025,24,Abu Dhabi Grand Prix,Nico Hulkenberg,Kick Sauber,0.0,0.0469199616524866,9.0,False,18.0,9.0
2025,24,Abu Dhabi Grand Prix,Lance Stroll,Aston Martin,-1.0,0.0261789584886909,5.0,False,15.0,10.0
2025,24,Abu Dhabi Grand Prix,Gabriel Bortoleto,Kick Sauber,0.0,-0.0172631391861857,-4.0,False,7.0,11.0
2025,24,Abu Dhabi Grand Prix,Oliver Bearman,Haas F1 Team,-1.0,-0.0249089858964107,-1.0,False,11.0,12.0
2025,24,Abu Dhabi Grand Prix,Carlos Sainz,Williams,-1.0,-0.01915376591477,-1.0,False,12.0,13.0
2025,24,Abu Dhabi Grand Prix,Yuki Tsunoda,Red Bull Racing,0.0,0.0254496496496529,-4.0,False,10.0,14.0
2025,24,Abu Dhabi Grand Prix,Kimi Antonelli,Mercedes,-3.0,0.0432395895895926,-1.0,False,14.0,15.0
2025,24,Abu Dhabi Grand Prix,Alexander Albon,Williams,2.0,0.0060440321664255,1.0,False,17.0,16.0
2025,24,Abu Dhabi Grand Prix,Isack Hadjar,Racing Bulls,1.0,-0.014549810819912,-8.0,False,9.0,17.0
2025,24,Abu Dhabi Grand Prix,Liam Lawson,Racing Bulls,2.0,-0.0175850593717151,-5.0,False,13.0,18.0
2025,24,Abu Dhabi Grand Prix,Pierre Gasly,Alpine,0.0,0.0015560122494355,0.0,False,19.0,19.0
2025,24,Abu Dhabi Grand Prix,Franco Colapinto,Alpine,0.0,0.0503312224162059,0.0,False,20.0,20.0
2025,23,Qatar Grand Prix,Max Verstappen,Red Bull Racing,1.0,-0.0691910203804817,2.0,True,3.0,1.0
2025,23,Qatar Grand Prix,Pierre Gasly,Alpine,0.0,-0.0468425989306824,-7.0,True,9.0,16.0
2025,23,Qatar Grand Prix,Kimi Antonelli,Mercedes,1.0,-0.0355798602868851,0.0,True,5.0,5.0
2025,23,Qatar Grand Prix,Fernando Alonso,Aston Martin,2.0,-0.1045092407338331,1.0,True,8.0,7.0
2025,23,Qatar Grand Prix,Charles Leclerc,Ferrari,0.0,-0.0727776119909112,2.0,True,10.0,8.0
2025,23,Qatar Grand Prix,Lance Stroll,Aston Martin,-1.0,-0.084510485010601,1.0,True,18.0,17.0
2025,23,Qatar Grand Prix,Yuki Tsunoda,Red Bull Racing,-1.0,-0.0950587337651335,5.0,True,15.0,10.0
2025,23,Qatar Grand Prix,Alexander Albon,Williams,-3.0,-0.0896911390688062,3.0,True,14.0,11.0
2025,23,Qatar Grand Prix,Nico Hulkenberg,Kick Sauber,0.0,0.0,-9.0,True,11.0,20.0
2025,23,Qatar Grand Prix,Liam Lawson,Racing Bulls,-1.0,-0.0971660958323434,3.0,True,12.0,9.0
2025,23,Qatar Grand Prix,Esteban Ocon,Haas F1 Team,1.0,-0.0494407922141872,1.0,True,16.0,15.0
2025,23,Qatar Grand Prix,Lando Norris,McLaren,-1.0,0.0238632822053752,-2.0,True,2.0,4.0
2025,23,Qatar Grand Prix,Franco Colapinto,Alpine,0.0,-0.0538534863929864,6.0,True,20.0,14.0
2025,23,Qatar Grand Prix,Lewis Hamilton,Ferrari,3.0,-0.0600836752687445,5.0,True,17.0,12.0
2025,23,Qatar Grand Prix,Gabriel Bortoleto,Kick Sauber,1.0,-0.0533249686323703,6.0,True,19.0,13.0
2025,23,Qatar Grand Prix,Carlos Sainz,Williams,2.0,-0.0675969174946582,4.0,True,7.0,3.0
2025,23,Qatar Grand Prix,Isack Hadjar,Racing Bulls,-2.0,-0.081979898512531,-12.0,True,6.0,18.0
2025,23,Qatar Grand Prix,George Russell,Mercedes,-3.0,-0.0862948217979567,-2.0,True,4.0,6.0
2025,23,Qatar Grand Prix,Oscar Piastri,McLaren,0.0,0.0213101424979056,-1.0,True,1.0,2.0
2025,23,Qatar Grand Prix,Oliver Bearman,Haas F1 Team,1.0,0.0057467035169528,-6.0,True,13.0,19.0
2025,22,Las Vegas Grand Prix,Max Verstappen,Red Bull Racing,1.0,-0.0506282012000524,1.0,True,2.0,1.0
2025,22,Las Vegas Grand Prix,George Russell,Mercedes,2.0,-0.0410160398776043,2.0,True,4.0,2.0
2025,22,Las Vegas Grand Prix,Kimi Antonelli,Mercedes,3.0,-0.0737932631813681,14.0,True,17.0,3.0
2025,22,Las Vegas Grand Prix,Charles Leclerc,Ferrari,0.0,-0.0248877533215327,5.0,True,9.0,4.0
2025,22,Las Vegas Grand Prix,Carlos Sainz,Williams,-1.0,-0.0649857085480966,-2.0,True,3.0,5.0
2025,22,Las Vegas Grand Prix,Isack Hadjar,Racing Bulls,3.0,-0.074696765676566,2.0,True,8.0,6.0
2025,22,Las Vegas Grand Prix,Nico Hulkenberg,Kick Sauber,0.0,-0.009563601690545,4.0,True,11.0,7.0
2025,22,Las Vegas Grand Prix,Lewis Hamilton,Ferrari,6.0,-0.0480182977455115,11.0,True,19.0,8.0
2025,22,Las Vegas Grand Prix,Esteban Ocon,Haas F1 Team,1.0,-0.0159175316964807,4.0,True,13.0,9.0
2025,22,Las Vegas Grand Prix,Oliver Bearman,Haas F1 Team,6.0,-0.0792922782971656,4.0,True,14.0,10.0
2025,22,Las Vegas Grand Prix,Fernando Alonso,Aston Martin,-3.0,-0.0206250688705247,-4.0,True,7.0,11.0
2025,22,Las Vegas Grand Prix,Yuki Tsunoda,Red Bull Racing,2.0,-0.0043140172950201,8.0,True,20.0,12.0
2025,22,Las Vegas Grand Prix,Pierre Gasly,Alpine,-7.0,-0.0392946807324547,-3.0,True,10.0,13.0
2025,22,Las Vegas Grand Prix,Liam Lawson,Racing Bulls,0.0,-0.0187782067231856,-8.0,True,6.0,14.0
2025,22,Las Vegas Grand Prix,Franco Colapinto,Alpine,-1.0,-0.0400270941220423,0.0,True,15.0,15.0
2025,22,Las Vegas Grand Prix,Alexander Albon,Williams,1.0,-0.0934925544100736,0.0,True,16.0,16.0
2025,22,Las Vegas Grand Prix,Gabriel Bortoleto,Kick Sauber,-1.0,0.0,1.0,True,18.0,17.0
2025,22,Las Vegas Grand Prix,Lance Stroll,Aston Martin,0.0,0.0,-6.0,True,12.0,18.0
2025,22,Las Vegas Grand Prix,Lando Norris,McLaren,-2.0,-0.0063950956110376,-18.0,True,1.0,19.0
2025,22,Las Vegas Grand Prix,Oscar Piastri,McLaren,-2.0,-0.0798120709205246,-15.0,True,5.0,20.0
2025,21,São Paulo Grand Prix,Max Verstappen,Red Bull Racing,1.0,0.0695010485539712,16.0,True,19.0,3.0
2025,21,São Paulo Grand Prix,Pierre Gasly,Alpine,1.0,0.0115714889087866,-1.0,True,9.0,10.0
2025,21,São Paulo Grand Prix,Kimi Antonelli,Mercedes,0.0,-0.0031906132641989,0.0,True,2.0,2.0
2025,21,São Paulo Grand Prix,Fernando Alonso,Aston Martin,1.0,0.0590282087447092,-3.0,True,11.0,14.0
2025,21,São Paulo Grand Prix,Charles Leclerc,Ferrari,0.0,0.0,-16.0,True,3.0,19.0
2025,21,São Paulo Grand Prix,Lance Stroll,Aston Martin,-1.0,0.0766474870757135,-2.0,True,14.0,16.0
2025,21,São Paulo Grand Prix,Yuki Tsunoda,Red Bull Racing,3.0,0.0415729226525678,0.0,True,17.0,17.0
2025,21,São Paulo Grand Prix,Alexander Albon,Williams,1.0,0.0841825455192605,1.0,True,12.0,11.0
2025,21,São Paulo Grand Prix,Nico Hulkenberg,Kick Sauber,-2.0,0.0270997495004074,1.0,True,10.0,9.0
2025,21,São Paulo Grand Prix,Liam Lawson,Racing Bulls,1.0,0.0117128923721286,0.0,True,7.0,7.0
2025,21,São Paulo Grand Prix,Esteban Ocon,Haas F1 Team,1.0,0.0312510349274481,8.0,True,20.0,12.0
2025,21,São Paulo Grand Prix,Lando Norris,McLaren,0.0,-0.003204551949908,0.0,True,1.0,1.0
2025,21,São Paulo Grand Prix,Franco Colapinto,Alpine,0.0,0.038434393797426,1.0,True,16.0,15.0
2025,21,São Paulo Grand Prix,Lewis Hamilton,Ferrari,-4.0,0.0610941666666664,-5.0,True,13.0,18.0
2025,21,São Paulo Grand Prix,Gabriel Bortoleto,Kick Sauber,0.0,0.0,-2.0,True,18.0,20.0
2025,21,São Paulo Grand Prix,Carlos Sainz,Williams,2.0,0.0191222280609578,2.0,True,15.0,13.0
2025,21,São Paulo Grand Prix,Isack Hadjar,Racing Bulls,0.0,0.0275639015903877,-3.0,True,5.0,8.0
2025,21,São Paulo Grand Prix,George Russell,Mercedes,-1.0,0.0601144772561272,2.0,True,6.0,4.0
2025,21,São Paulo Grand Prix,Oscar Piastri,McLaren,0.0,0.0458581935599593,-1.0,True,4.0,5.0
2025,21,São Paulo Grand Prix,Oliver Bearman,Haas F1 Team,-1.0,-0.0244917544711698,2.0,True,8.0,6.0
2025,20,Mexico City Grand Prix,Max Verstappen,Red Bull Racing,1.0,-0.0027758382556802,2.0,True,5.0,3.0
2025,20,Mexico City Grand Prix,Pierre Gasly,Alpine,3.0,-0.0056024332684903,3.0,True,18.0,15.0
2025,20,Mexico City Grand Prix,Kimi Antonelli,Mercedes,-1.0,0.004413176352707,0.0,True,6.0,6.0
2025,20,Mexico City Grand Prix,Fernando Alonso,Aston Martin,-2.0,0.0596756056681399,-4.0,True,14.0,18.0
2025,20,Mexico City Grand Prix,Charles Leclerc,Ferrari,0.0,-0.0017289214408101,0.0,True,2.0,2.0
2025,20,Mexico City Grand Prix,Lance Stroll,Aston Martin,0.0,0.00160373764415,5.0,True,19.0,14.0
2025,20,Mexico City Grand Prix,Yuki Tsunoda,Red Bull Racing,2.0,0.0174992711860612,-1.0,True,10.0,11.0
2025,20,Mexico City Grand Prix,Alexander Albon,Williams,-1.0,0.0384280616290917,5.0,True,17.0,12.0
2025,20,Mexico City Grand Prix,Nico Hulkenberg,Kick Sauber,-4.0,-0.0493843873517792,-6.0,True,13.0,19.0
2025,20,Mexico City Grand Prix,Liam Lawson,Racing Bulls,1.0,0.0,-5.0,True,15.0,20.0
2025,20,Mexico City Grand Prix,Esteban Ocon,Haas F1 Team,1.0,-0.0274335793357936,2.0,True,11.0,9.0
2025,20,Mexico City Grand Prix,Lando Norris,McLaren,0.0,0.0084288818773119,0.0,True,1.0,1.0
2025,20,Mexico City Grand Prix,Franco Colapinto,Alpine,0.0,0.0344854961262172,4.0,True,20.0,16.0
2025,20,Mexico City Grand Prix,Lewis Hamilton,Ferrari,0.0,0.0193250231356402,-5.0,True,3.0,8.0
2025,20,Mexico City Grand Prix,Gabriel Bortoleto,Kick Sauber,3.0,0.0241186221109959,6.0,True,16.0,10.0
2025,20,Mexico City Grand Prix,Carlos Sainz,Williams,0.0,-0.0161626938484109,-5.0,True,12.0,17.0
2025,20,Mexico City Grand Prix,Isack Hadjar,Racing Bulls,-3.0,0.015812307660319,-5.0,True,8.0,13.0
2025,20,Mexico City Grand Prix,George Russell,Mercedes,-1.0,0.0371732422200525,-3.0,True,4.0,7.0
2025,20,Mexico City Grand Prix,Oscar Piastri,McLaren,-2.0,0.0145795509649899,2.0,True,7.0,5.0
2025,20,Mexico City Grand Prix,Oliver Bearman,Haas F1 Team,3.0,0.012716902622186,5.0,True,9.0,4.0
2025,19,United States Grand Prix,Max Verstappen,Red Bull Racing,0.0,0.0187550149275834,0.0,True,1.0,1.0
2025,19,United States Grand Prix,Pierre Gasly,Alpine,0.0,0.017424200487789,-5.0,True,14.0,19.0
2025,19,United States Grand Prix,Kimi Antonelli,Mercedes,0.0,-0.0882176466774717,-6.0,True,7.0,13.0
2025,19,United States Grand Prix,Fernando Alonso,Aston Martin,-2.0,-0.0383302696319643,0.0,True,10.0,10.0
2025,19,United States Grand Prix,Charles Leclerc,Ferrari,1.0,-0.0054157863200357,0.0,True,3.0,3.0
2025,19,United States Grand Prix,Lance Stroll,Aston Martin,1.0,-0.0421692227370605,7.0,True,19.0,12.0
2025,19,United States Grand Prix,Yuki Tsunoda,Red Bull Racing,3.0,-0.00966336367804,6.0,True,13.0,7.0
2025,19,United States Grand Prix,Alexander Albon,Williams,-2.0,0.000903173220159,4.0,True,18.0,14.0
2025,19,United States Grand Prix,Nico Hulkenberg,Kick Sauber,0.0,-0.022605343029538,3.0,True,11.0,8.0
2025,19,United States Grand Prix,Liam Lawson,Racing Bulls,-1.0,-0.0190042876456567,1.0,True,12.0,11.0
2025,19,United States Grand Prix,Esteban Ocon,Haas F1 Team,2.0,-0.0370908465282803,2.0,True,17.0,15.0
2025,19,United States Grand Prix,Lando Norris,McLaren,-1.0,-0.0268904001680504,0.0,True,2.0,2.0
2025,19,United States Grand Prix,Franco Colapinto,Alpine,-2.0,0.0137441034095442,-2.0,True,15.0,17.0
2025,19,United States Grand Prix,Lewis Hamilton,Ferrari,1.0,0.0291318515148286,1.0,True,5.0,4.0
2025,19,United States Grand Prix,Gabriel Bortoleto,Kick Sauber,0.0,0.0500412226918271,-2.0,True,16.0,18.0
2025,19,United States Grand Prix,Carlos Sainz,Williams,0.0,0.0,-11.0,True,9.0,20.0
2025,19,United States Grand Prix,Isack Hadjar,Racing Bulls,1.0,-0.0275419739341153,4.0,True,20.0,16.0
2025,19,United States Grand Prix,George Russell,Mercedes,-2.0,0.0098004649807577,-2.0,True,4.0,6.0
2025,19,United States Grand Prix,Oscar Piastri,McLaren,1.0,-0.0165034858017332,1.0,True,6.0,5.0
2025,19,United States Grand Prix,Oliver Bearman,Haas F1 Team,0.0,-0.0342338782449507,-1.0,True,8.0,9.0
2025,18,Singapore Grand Prix,George Russell,Mercedes,0.0,-0.0045333090464523,0.0,False,1.0,1.0
2025,18,Singapore Grand Prix,Max Verstappen,Red Bull Racing,0.0,-0.0114153677884097,0.0,False,2.0,2.0
2025,18,Singapore Grand Prix,Lando Norris,McLaren,2.0,-0.0161194445358514,2.0,False,5.0,3.0
2025,18,Singapore Grand Prix,Oscar Piastri,McLaren,-1.0,-0.0263568869995442,-1.0,False,3.0,4.0
2025,18,Singapore Grand Prix,Kimi Antonelli,Mercedes,-2.0,-0.0142913715707644,-1.0,False,4.0,5.0
2025,18,Singapore Grand Prix,Charles Leclerc,Ferrari,2.0,0.0192871055129782,1.0,False,7.0,6.0
2025,18,Singapore Grand Prix,Fernando Alonso,Aston Martin,1.0,-0.0821069468174081,3.0,False,10.0,7.0
2025,18,Singapore Grand Prix,Lewis Hamilton,Ferrari,-1.0,0.1678267991918899,-2.0,False,6.0,8.0
2025,18,Singapore Grand Prix,Oliver Bearman,Haas F1 Team,-1.0,-0.0588986277992709,0.0,False,9.0,9.0
2025,18,Singapore Grand Prix,Carlos Sainz,Williams,0.0,0.030795679437814,8.0,False,18.0,10.0
2025,18,Singapore Grand Prix,Isack Hadjar,Racing Bulls,0.0,-0.0191381329301929,-3.0,False,8.0,11.0
2025,18,Singapore Grand Prix,Yuki Tsunoda,Red Bull Racing,-3.0,-0.0161152024066147,1.0,False,13.0,12.0
2025,18,Singapore Grand Prix,Lance Stroll,Aston Martin,1.0,-0.0186154337633241,2.0,False,15.0,13.0
2025,18,Singapore Grand Prix,Alexander Albon,Williams,0.0,-0.0092641500986181,6.0,False,20.0,14.0
2025,18,Singapore Grand Prix,Liam Lawson,Racing Bulls,0.0,0.018295754141087,-3.0,False,12.0,15.0
2025,18,Singapore Grand Prix,Franco Colapinto,Alpine,3.0,0.0148477753554924,0.0,False,16.0,16.0
2025,18,Singapore Grand Prix,Gabriel Bortoleto,Kick Sauber,-1.0,0.0230639937702809,-3.0,False,14.0,17.0
2025,18,Singapore Grand Prix,Esteban Ocon,Haas F1 Team,0.0,-0.0055061118818006,-1.0,False,17.0,18.0
2025,18,Singapore Grand Prix,Pierre Gasly,Alpine,0.0,0.0970805871079304,0.0,False,19.0,19.0
2025,18,Singapore Grand Prix,Nico Hulkenberg,Kick Sauber,0.0,0.0524609722938423,-9.0,False,11.0,20.0
2025,17,Azerbaijan Grand Prix,Max Verstappen,Red Bull Racing,0.0,-0.0173506527415142,0.0,True,1.0,1.0
2025,17,Azerbaijan Grand Prix,George Russell,Mercedes,0.0,-0.0478887934208908,3.0,True,5.0,2.0
2025,17,Azerbaijan Grand Prix,Carlos Sainz,Williams,0.0,0.0067378129117255,-1.0,True,2.0,3.0
2025,17,Azerbaijan Grand Prix,Kimi Antonelli,Mercedes,0.0,-0.0617772849278942,0.0,True,4.0,4.0
2025,17,Azerbaijan Grand Prix,Liam Lawson,Racing Bulls,0.0,-0.0522683794466414,-2.0,True,3.0,5.0
2025,17,Azerbaijan Grand Prix,Yuki Tsunoda,Red Bull Racing,0.0,-0.0513479338842973,0.0,True,6.0,6.0
2025,17,Azerbaijan Grand Prix,Lando Norris,McLaren,-1.0,-0.0231620821638153,0.0,True,7.0,7.0
2025,17,Azerbaijan Grand Prix,Lewis Hamilton,Ferrari,2.0,0.0018251057277069,4.0,True,12.0,8.0
2025,17,Azerbaijan Grand Prix,Charles Leclerc,Ferrari,1.0,-0.0614550782818126,1.0,True,10.0,9.0
2025,17,Azerbaijan Grand Prix,Isack Hadjar,Racing Bulls,1.0,0.0158325490196081,-2.0,True,8.0,10.0
2025,17,Azerbaijan Grand Prix,Gabriel Bortoleto,Kick Sauber,1.0,-0.0875102817191025,2.0,True,13.0,11.0
2025,17,Azerbaijan Grand Prix,Oliver Bearman,Haas F1 Team,0.0,-0.0147510318170887,3.0,True,15.0,12.0
2025,17,Azerbaijan Grand Prix,Alexander Albon,Williams,0.0,-0.1087202512934203,6.0,True,19.0,13.0
2025,17,Azerbaijan Grand Prix,Esteban Ocon,Haas F1 Team,2.0,-0.081955712303422,6.0,True,20.0,14.0
2025,17,Azerbaijan Grand Prix,Fernando Alonso,Aston Martin,0.0,-0.0806898919131547,-4.0,True,11.0,15.0
2025,17,Azerbaijan Grand Prix,Nico Hulkenberg,Kick Sauber,0.0,0.0279333608578723,1.0,True,17.0,16.0
2025,17,Azerbaijan Grand Prix,Lance Stroll,Aston Martin,1.0,0.0049548753973672,-3.0,True,14.0,17.0
2025,17,Azerbaijan Grand Prix,Pierre Gasly,Alpine,2.0,-0.0092699724517915,0.0,True,18.0,18.0
2025,17,Azerbaijan Grand Prix,Franco Colapinto,Alpine,2.0,-0.051748484848485,-3.0,True,16.0,19.0
2025,17,Azerbaijan Grand Prix,Oscar Piastri,McLaren,0.0,0.0,-11.0,True,9.0,20.0
2025,16,Italian Grand Prix,Max Verstappen,Red Bull Racing,0.0,0.0170836734693892,0.0,False,1.0,1.0
2025,16,Italian Grand Prix,Lando Norris,McLaren,0.0,-0.0046522790047263,0.0,False,2.0,2.0
2025,16,Italian Grand Prix,Oscar Piastri,McLaren,0.0,-0.0275858204759814,0.0,False,3.0,3.0
2025,16,Italian Grand Prix,Charles Leclerc,Ferrari,0.0,-0.0188241030718948,0.0,False,4.0,4.0
2025,16,Italian Grand Prix,George Russell,Mercedes,0.0,-0.0407096153846125,0.0,False,5.0,5.0
2025,16,Italian Grand Prix,Lewis Hamilton,Ferrari,2.0,0.0020764940418357,4.0,False,10.0,6.0
2025,16,Italian Grand Prix,Alexander Albon,Williams,1.0,-0.0191247534047947,7.0,False,14.0,7.0
2025,16,Italian Grand Prix,Gabriel Bortoleto,Kick Sauber,0.0,-0.0756758362501264,-1.0,False,7.0,8.0
2025,16,Italian Grand Prix,Kimi Antonelli,Mercedes,-4.0,-0.0433691380505753,-3.0,False,6.0,9.0
2025,16,Italian Grand Prix,Isack Hadjar,Racing Bulls,1.0,-0.0149664822843479,9.0,False,19.0,10.0
2025,16,Italian Grand Prix,Carlos Sainz,Williams,1.0,-0.0256562488931708,2.0,False,13.0,11.0
2025,16,Italian Grand Prix,Oliver Bearman,Haas F1 Team,0.0,-0.0705250679828543,-1.0,False,11.0,12.0
2025,16,Italian Grand Prix,Yuki Tsunoda,Red Bull Racing,0.0,-0.0662291261947315,-4.0,False,9.0,13.0
2025,16,Italian Grand Prix,Liam Lawson,Racing Bulls,3.0,-0.0429451612003042,4.0,False,18.0,14.0
2025,16,Italian Grand Prix,Esteban Ocon,Haas F1 Team,1.0,-0.0444701020408174,0.0,False,15.0,15.0
2025,16,Italian Grand Prix,Pierre Gasly,Alpine,1.0,-0.039721994042822,4.0,False,20.0,16.0
2025,16,Italian Grand Prix,Franco Colapinto,Alpine,0.0,0.0066697090667842,0.0,False,17.0,17.0
2025,16,Italian Grand Prix,Lance Stroll,Aston Martin,0.0,-0.0305554922554273,-2.0,False,16.0,18.0
2025,16,Italian Grand Prix,Fernando Alonso,Aston Martin,2.0,-0.0404438520493166,-11.0,False,8.0,19.0
2025,16,Italian Grand Prix,Nico Hulkenberg,Kick Sauber,0.0,0.0,-8.0,False,12.0,20.0
2025,15,Dutch Grand Prix,Max Verstappen,Red Bull Racing,1.0,-0.027189945336086,1.0,True,3.0,2.0
2025,15,Dutch Grand Prix,Pierre Gasly,Alpine,0.0,-0.0006981911567669,-3.0,True,14.0,17.0
2025,15,Dutch Grand Prix,Kimi Antonelli,Mercedes,-1.0,-0.0573044703723112,-5.0,True,11.0,16.0
2025,15,Dutch Grand Prix,Fernando Alonso,Aston Martin,-3.0,-0.0116413496177843,2.0,True,10.0,8.0
2025,15,Dutch Grand Prix,Charles Leclerc,Ferrari,1.0,-0.0343547096723965,-13.0,True,6.0,19.0
2025,15,Dutch Grand Prix,Lance Stroll,Aston Martin,0.0,0.0081454770186595,12.0,True,19.0,7.0
2025,15,Dutch Grand Prix,Yuki Tsunoda,Red Bull Racing,1.0,-0.0015186663128682,3.0,True,12.0,9.0
2025,15,Dutch Grand Prix,Alexander Albon,Williams,5.0,-0.012421765881772,10.0,True,15.0,5.0
2025,15,Dutch Grand Prix,Nico Hulkenberg,Kick Sauber,0.0,-0.0208846513027512,3.0,True,17.0,14.0
2025,15,Dutch Grand Prix,Liam Lawson,Racing Bulls,0.0,0.0129418177912249,-4.0,True,8.0,12.0
2025,15,Dutch Grand Prix,Esteban Ocon,Haas F1 Team,2.0,-0.0084553935911653,8.0,True,18.0,10.0
2025,15,Dutch Grand Prix,Lando Norris,McLaren,-1.0,-0.0152819555216417,-16.0,True,2.0,18.0
2025,15,Dutch Grand Prix,Franco Colapinto,Alpine,1.0,0.01393891603227,5.0,True,16.0,11.0
2025,15,Dutch Grand Prix,Lewis Hamilton,Ferrari,0.0,0.0080649350649352,-13.0,True,7.0,20.0
2025,15,Dutch Grand Prix,Gabriel Bortoleto,Kick Sauber,-5.0,0.0117479511946171,-2.0,True,13.0,15.0
2025,15,Dutch Grand Prix,Carlos Sainz,Williams,0.0,0.004355934522871,-4.0,True,9.0,13.0
2025,15,Dutch Grand Prix,Isack Hadjar,Racing Bulls,0.0,-0.0182850187265924,1.0,True,4.0,3.0
2025,15,Dutch Grand Prix,George Russell,Mercedes,-1.0,-0.0066621191848167,1.0,True,5.0,4.0
2025,15,Dutch Grand Prix,Oscar Piastri,McLaren,0.0,-0.0090579895970307,0.0,True,1.0,1.0
2025,15,Dutch Grand Prix,Oliver Bearman,Haas F1 Team,0.0,0.0019903722481647,14.0,True,20.0,6.0
2026,1,Australian Grand Prix,Lando Norris,McLaren,0.0,-0.0796102774717045,1.0,True,6.0,5.0
2026,1,Australian Grand Prix,Pierre Gasly,Alpine,5.0,-0.0095587833039631,4.0,True,14.0,10.0
2026,1,Australian Grand Prix,Sergio Perez,Cadillac,-1.0,0.0632539171941461,2.0,True,18.0,16.0
2026,1,Australian Grand Prix,Kimi Antonelli,Mercedes,-5.0,-0.0384900827638422,0.0,True,2.0,2.0
2026,1,Australian Grand Prix,Fernando Alonso,Aston Martin,7.0,0.0007539089055038,-1.0,True,17.0,18.0
2026,1,Australian Grand Prix,Charles Leclerc,Ferrari,3.0,-0.0423496214948264,1.0,True,4.0,3.0
2026,1,Australian Grand Prix,Lance Stroll,Aston Martin,2.0,0.1378867403314893,5.0,True,22.0,17.0
2026,1,Australian Grand Prix,Alexander Albon,Williams,3.0,-0.0265170533222561,3.0,True,15.0,12.0
2026,1,Australian Grand Prix,Nico Hulkenberg,Audi,0.0,0.0,-11.0,True,11.0,22.0
2026,1,Australian Grand Prix,Max Verstappen,Red Bull Racing,4.0,-0.0094169163792655,14.0,True,20.0,6.0
2026,1,Australian Grand Prix,Liam Lawson,Racing Bulls,-10.0,-0.0580376126695313,-5.0,True,8.0,13.0
2026,1,Australian Grand Prix,Esteban Ocon,Haas F1 Team,5.0,-0.0124592133294744,2.0,True,13.0,11.0
2026,1,Australian Grand Prix,Arvid Lindblad,Racing Bulls,4.0,0.0022904260068448,1.0,True,9.0,8.0
2026,1,Australian Grand Prix,Franco Colapinto,Alpine,-1.0,0.0147315734329447,2.0,True,16.0,14.0
2026,1,Australian Grand Prix,Lewis Hamilton,Ferrari,4.0,-0.0441642359418114,3.0,True,7.0,4.0
2026,1,Australian Grand Prix,Gabriel Bortoleto,Audi,-1.0,-0.020438608048449,1.0,True,10.0,9.0
2026,1,Australian Grand Prix,Carlos Sainz,Williams,8.0,0.0038477890360155,6.0,True,21.0,15.0
2026,1,Australian Grand Prix,Isack Hadjar,Red Bull Racing,-1.0,-0.0569166666666704,-17.0,True,3.0,20.0
2026,1,Australian Grand Prix,George Russell,Mercedes,-1.0,-0.0302647635650457,0.0,True,1.0,1.0
2026,1,Australian Grand Prix,Valtteri Bottas,Cadillac,4.0,0.1605752797558486,0.0,True,19.0,19.0
2026,1,Australian Grand Prix,Oliver Bearman,Haas F1 Team,-2.0,-0.0130164134401781,5.0,True,12.0,7.0
2026,2,Chinese Grand Prix,Lando Norris,McLaren,0.0,0.0,-14.0,True,6.0,20.0
2026,2,Chinese Grand Prix,Pierre Gasly,Alpine,2.0,-0.0622645356619294,1.0,True,7.0,6.0
2026,2,Chinese Grand Prix,Sergio Perez,Cadillac,4.0,-0.0142530125938952,6.0,True,21.0,15.0
2026,2,Chinese Grand Prix,Kimi Antonelli,Mercedes,-1.0,-0.0438188922174777,0.0,True,1.0,1.0
2026,2,Chinese Grand Prix,Fernando Alonso,Aston Martin,8.0,-0.078293748446434,1.0,True,18.0,17.0
2026,2,Chinese Grand Prix,Charles Leclerc,Ferrari,1.0,-0.0392861877748743,0.0,True,4.0,4.0
2026,2,Chinese Grand Prix,Lance Stroll,Aston Martin,4.0,-0.1483809523809528,2.0,True,20.0,18.0
2026,2,Chinese Grand Prix,Alexander Albon,Williams,0.0,0.0,0.0,True,22.0,22.0
2026,2,Chinese Grand Prix,Nico Hulkenberg,Audi,-4.0,0.0042439358122744,0.0,True,11.0,11.0
2026,2,Chinese Grand Prix,Max Verstappen,Red Bull Racing,-5.0,-0.0817272741639793,-8.0,True,8.0,16.0
2026,2,Chinese Grand Prix,Liam Lawson,Racing Bulls,7.0,-0.0593906641933965,7.0,True,14.0,7.0
2026,2,Chinese Grand Prix,Esteban Ocon,Haas F1 Team,4.0,0.0184488843945729,-1.0,True,13.0,14.0
2026,2,Chinese Grand Prix,Arvid Lindblad,Racing Bulls,7.0,0.0345904595969096,3.0,True,15.0,12.0
2026,2,Chinese Grand Prix,Franco Colapinto,Alpine,6.0,0.0307172622068843,2.0,True,12.0,10.0
2026,2,Chinese Grand Prix,Lewis Hamilton,Ferrari,2.0,-0.046419210912104,0.0,True,3.0,3.0
2026,2,Chinese Grand Prix,Gabriel Bortoleto,Audi,0.0,0.0,-5.0,True,16.0,21.0
2026,2,Chinese Grand Prix,Carlos Sainz,Williams,6.0,-0.03835860091743,8.0,True,17.0,9.0
2026,2,Chinese Grand Prix,Isack Hadjar,Red Bull Racing,-9.0,-0.0344461691322592,1.0,True,9.0,8.0
2026,2,Chinese Grand Prix,George Russell,Mercedes,-2.0,-0.056022576327365,0.0,True,2.0,2.0
2026,2,Chinese Grand Prix,Valtteri Bottas,Cadillac,5.0,-0.0398722845149936,6.0,True,19.0,13.0
2026,2,Chinese Grand Prix,Oscar Piastri,McLaren,0.0,0.0,-14.0,True,5.0,19.0
2026,2,Chinese Grand Prix,Oliver Bearman,Haas F1 Team,-2.0,-0.0625539422525327,5.0,True,10.0,5.0
2026,3,Japanese Grand Prix,Kimi Antonelli,Mercedes,-5.0,-0.0438527061827075,0.0,True,1.0,1.0
2026,3,Japanese Grand Prix,Oscar Piastri,McLaren,2.0,-7.729106106217978e-05,1.0,True,3.0,2.0
2026,3,Japanese Grand Prix,Charles Leclerc,Ferrari,2.0,-0.0066584637827149,1.0,True,4.0,3.0
2026,3,Japanese Grand Prix,George Russell,Mercedes,-2.0,-0.0244909579309575,-2.0,True,2.0,4.0
2026,3,Japanese Grand Prix,Lando Norris,McLaren,2.0,0.0018181449119797,0.0,True,5.0,5.0
2026,3,Japanese Grand Prix,Lewis Hamilton,Ferrari,1.0,-0.0206194383394384,0.0,True,6.0,6.0
2026,3,Japanese Grand Prix,Pierre Gasly,Alpine,0.0,-0.0326166444666458,0.0,True,7.0,7.0
2026,3,Japanese Grand Prix,Max Verstappen,Red Bull Racing,1.0,-0.0299366409613763,3.0,True,11.0,8.0
2026,3,Japanese Grand Prix,Liam Lawson,Racing Bulls,2.0,-0.0197067180772423,5.0,True,14.0,9.0
2026,3,Japanese Grand Prix,Esteban Ocon,Haas F1 Team,1.0,0.0068712637648137,2.0,True,12.0,10.0
2026,3,Japanese Grand Prix,Nico Hulkenberg,Audi,-6.0,-0.0813503470213996,2.0,True,13.0,11.0
2026,3,Japanese Grand Prix,Isack Hadjar,Red Bull Racing,0.0,-0.0429956140350877,-4.0,True,8.0,12.0
2026,3,Japanese Grand Prix,Gabriel Bortoleto,Audi,-4.0,-0.0495426919863761,-4.0,True,9.0,13.0
2026,3,Japanese Grand Prix,Arvid Lindblad,Racing Bulls,1.0,-0.0265013498098374,-4.0,True,10.0,14.0
2026,3,Japanese Grand Prix,Carlos Sainz,Williams,1.0,-0.0474278581068059,1.0,True,16.0,15.0
2026,3,Japanese Grand Prix,Franco Colapinto,Alpine,1.0,0.00153568936026,-1.0,True,15.0,16.0
2026,3,Japanese Grand Prix,Sergio Perez,Cadillac,1.0,-0.0042318578497521,2.0,True,19.0,17.0
2026,3,Japanese Grand Prix,Fernando Alonso,Aston Martin,1.0,-0.0093780229419701,3.0,True,21.0,18.0
2026,3,Japanese Grand Prix,Valtteri Bottas,Cadillac,-1.0,0.0507238014272103,1.0,True,20.0,19.0
2026,3,Japanese Grand Prix,Alexander Albon,Williams,0.0,-0.0443390461447707,-3.0,True,17.0,20.0
2026,3,Japanese Grand Prix,Lance Stroll,Aston Martin,0.0,0.0077385964912289,1.0,True,22.0,21.0
2026,3,Japanese Grand Prix,Oliver Bearman,Haas F1 Team,2.0,0.043399999999999,-4.0,True,18.0,22.0
2026,4,Miami Grand Prix,Kimi Antonelli,Mercedes,-1.0,-0.0090843199536917,0.0,True,1.0,1.0
2026,4,Miami Grand Prix,Lando Norris,McLaren,1.0,0.001037824479726,2.0,True,4.0,2.0
2026,4,Miami Grand Prix,Oscar Piastri,McLaren,3.0,-0.0021995722694766,4.0,True,7.0,3.0
2026,4,Miami Grand Prix,George Russell,Mercedes,0.0,0.0129534692299195,1.0,True,5.0,4.0
2026,4,Miami Grand Prix,Max Verstappen,Red Bull Racing,-7.0,0.1161420135676814,-3.0,True,2.0,5.0
2026,4,Miami Grand Prix,Lewis Hamilton,Ferrari,0.0,0.0372395924471309,0.0,True,6.0,6.0
2026,4,Miami Grand Prix,Franco Colapinto,Alpine,1.0,-0.0026918545837737,1.0,True,8.0,7.0
2026,4,Miami Grand Prix,Charles Leclerc,Ferrari,2.0,0.0149390870478619,-5.0,True,3.0,8.0
2026,4,Miami Grand Prix,Carlos Sainz,Williams,2.0,0.0206082192164735,4.0,True,13.0,9.0
2026,4,Miami Grand Prix,Alexander Albon,Williams,5.0,0.0245456807905466,5.0,True,15.0,10.0
2026,4,Miami Grand Prix,Oliver Bearman,Haas F1 Team,-2.0,0.0353983326253463,1.0,True,12.0,11.0
2026,4,Miami Grand Prix,Gabriel Bortoleto,Audi,3.0,-0.004554268115997,9.0,True,21.0,12.0
2026,4,Miami Grand Prix,Esteban Ocon,Haas F1 Team,1.0,0.0049258070279927,1.0,True,14.0,13.0
2026,4,Miami Grand Prix,Arvid Lindblad,Racing Bulls,1.0,0.0247223132570113,2.0,True,16.0,14.0
2026,4,Miami Grand Prix,Fernando Alonso,Aston Martin,-3.0,-0.0164972768413651,2.0,True,17.0,15.0
2026,4,Miami Grand Prix,Sergio Perez,Cadillac,3.0,-0.0016249995755719,4.0,True,20.0,16.0
2026,4,Miami Grand Prix,Lance Stroll,Aston Martin,2.0,0.0216016997800974,1.0,True,18.0,17.0
2026,4,Miami Grand Prix,Valtteri Bottas,Cadillac,-2.0,0.4668225621118017,1.0,True,19.0,18.0
2026,4,Miami Grand Prix,Nico Hulkenberg,Audi,-12.0,,-9.0,True,10.0,19.0
2026,4,Miami Grand Prix,Liam Lawson,Racing Bulls,3.0,,-9.0,True,11.0,20.0
2026,4,Miami Grand Prix,Pierre Gasly,Alpine,-3.0,,-12.0,True,9.0,21.0
2026,4,Miami Grand Prix,Isack Hadjar,Red Bull Racing,3.0,,0.0,True,22.0,22.0
2026,5,Canadian Grand Prix,Kimi Antonelli,Mercedes,0.0,-0.0424848120181671,1.0,True,2.0,1.0
2026,5,Canadian Grand Prix,Lewis Hamilton,Ferrari,1.0,-0.0310732062401735,3.0,True,5.0,2.0
2026,5,Canadian Grand Prix,Max Verstappen,Red Bull Racing,1.0,-0.0507141342977628,3.0,True,6.0,3.0
2026,5,Canadian Grand Prix,Charles Leclerc,Ferrari,2.0,-0.0241041014605843,4.0,True,8.0,4.0
2026,5,Canadian Grand Prix,Isack Hadjar,Red Bull Racing,0.0,-0.1368106984897168,2.0,True,7.0,5.0
2026,5,Canadian Grand Prix,Franco Colapinto,Alpine,2.0,-0.0729896135385934,4.0,True,10.0,6.0
2026,5,Canadian Grand Prix,Liam Lawson,Racing Bulls,3.0,-0.0677668395209961,5.0,True,12.0,7.0
2026,5,Canadian Grand Prix,Pierre Gasly,Alpine,2.0,-0.0839684290702698,6.0,True,14.0,8.0
2026,5,Canadian Grand Prix,Carlos Sainz,Williams,-1.0,-0.0584276785149155,6.0,True,15.0,9.0
2026,5,Canadian Grand Prix,Oliver Bearman,Haas F1 Team,5.0,-0.0918404967752509,6.0,True,16.0,10.0
2026,5,Canadian Grand Prix,Oscar Piastri,McLaren,-17.0,-0.1909734108660768,-7.0,True,4.0,11.0
2026,5,Canadian Grand Prix,Nico Hulkenberg,Audi,1.0,-0.1120016351530613,-1.0,True,11.0,12.0
2026,5,Canadian Grand Prix,Gabriel Bortoleto,Audi,0.0,-0.1089649757950093,0.0,True,13.0,13.0
2026,5,Canadian Grand Prix,Esteban Ocon,Haas F1 Team,2.0,-0.1193097338481991,3.0,True,17.0,14.0
2026,5,Canadian Grand Prix,Lance Stroll,Aston Martin,2.0,-0.1829838812359117,7.0,True,22.0,15.0
2026,5,Canadian Grand Prix,Valtteri Bottas,Cadillac,3.0,-0.2740878496213424,5.0,True,21.0,16.0
2026,5,Canadian Grand Prix,Sergio Perez,Cadillac,3.0,-0.134482634032633,3.0,True,20.0,17.0
2026,5,Canadian Grand Prix,Lando Norris,McLaren,2.0,-0.1801454314294122,-15.0,True,3.0,18.0
2026,5,Canadian Grand Prix,George Russell,Mercedes,-2.0,-0.044680708180709,-18.0,True,1.0,19.0
2026,5,Canadian Grand Prix,Fernando Alonso,Aston Martin,5.0,-0.0674427244582023,-1.0,True,19.0,20.0
2026,5,Canadian Grand Prix,Alexander Albon,Williams,-1.0,-0.5682833333333297,-3.0,True,18.0,21.0
2026,5,Canadian Grand Prix,Arvid Lindblad,Racing Bulls,,,-13.0,True,9.0,22.0
2026,6,Monaco Grand Prix,Kimi Antonelli,Mercedes,0.0,-0.5285507894066747,0.0,True,1.0,1.0
2026,6,Monaco Grand Prix,Lewis Hamilton,Ferrari,1.0,1.2542990983945,1.0,True,3.0,2.0
2026,6,Monaco Grand Prix,Isack Hadjar,Red Bull Racing,1.0,-0.1193054146039354,2.0,True,5.0,3.0
2026,6,Monaco Grand Prix,Oscar Piastri,McLaren,1.0,-0.684979733271663,3.0,True,7.0,4.0
2026,6,Monaco Grand Prix,Liam Lawson,Racing Bulls,1.0,-0.1680445793571154,5.0,True,10.0,5.0
2026,6,Monaco Grand Prix,Arvid Lindblad,Racing Bulls,0.0,-0.2686808783321948,9.0,True,15.0,6.0
2026,6,Monaco Grand Prix,Pierre Gasly,Alpine,2.0,-0.8548531758938751,2.0,True,9.0,7.0
2026,6,Monaco Grand Prix,Alexander Albon,Williams,1.0,-0.2050575225587438,3.0,True,11.0,8.0
2026,6,Monaco Grand Prix,Esteban Ocon,Haas F1 Team,1.0,-1.1854462331741191,8.0,True,17.0,9.0
2026,6,Monaco Grand Prix,Fernando Alonso,Aston Martin,4.0,-1.1512588168295712,11.0,True,21.0,10.0
2026,6,Monaco Grand Prix,Gabriel Bortoleto,Audi,-4.0,-0.1089220186884272,5.0,True,16.0,11.0
2026,6,Monaco Grand Prix,George Russell,Mercedes,1.0,-0.090253491081079,-6.0,True,6.0,12.0
2026,6,Monaco Grand Prix,Nico Hulkenberg,Audi,1.0,-1.072973858930924,0.0,True,13.0,13.0
2026,6,Monaco Grand Prix,Franco Colapinto,Alpine,1.0,-0.8634639450543063,0.0,True,14.0,14.0
2026,6,Monaco Grand Prix,Sergio Perez,Cadillac,4.0,-1.0559025428788529,3.0,True,18.0,15.0
2026,6,Monaco Grand Prix,Carlos Sainz,Williams,1.0,-0.3456024489795941,-4.0,True,12.0,16.0
2026,6,Monaco Grand Prix,Charles Leclerc,Ferrari,1.0,-0.02052300337131,-13.0,True,4.0,17.0
2026,6,Monaco Grand Prix,Lance Stroll,Aston Martin,4.0,0.0118702695063425,4.0,True,22.0,18.0
2026,6,Monaco Grand Prix,Lando Norris,McLaren,0.0,0.0051704075844741,-11.0,True,8.0,19.0
2026,6,Monaco Grand Prix,Oliver Bearman,Haas F1 Team,-2.0,-0.15225641025641,-1.0,True,19.0,20.0
2026,6,Monaco Grand Prix,Valtteri Bottas,Cadillac,1.0,-0.0694549450549437,-1.0,True,20.0,21.0
2026,6,Monaco Grand Prix,Max Verstappen,Red Bull Racing,,,-20.0,True,2.0,22.0
2026,7,Barcelona Grand Prix,Lewis Hamilton,Ferrari,0.0,0.07659451659924349,1.0,True,2.0,1.0
2026,7,Barcelona Grand Prix,George Russell,Mercedes,0.0,0.08894348026513565,-1.0,True,1.0,2.0
2026,7,Barcelona Grand Prix,Lando Norris,McLaren,0.0,0.030762490798503035,1.0,True,4.0,3.0
2026,7,Barcelona Grand Prix,Max Verstappen,Red Bull Racing,0.0,0.12483545084536056,1.0,True,5.0,4.0
2026,7,Barcelona Grand Prix,Oscar Piastri,McLaren,1.0,0.11212545561900823,2.0,True,7.0,5.0
2026,7,Barcelona Grand Prix,Isack Hadjar,Red Bull Racing,-8.0,0.10292870426928752,0.0,True,6.0,6.0
2026,7,Barcelona Grand Prix,Pierre Gasly,Alpine,2.0,0.15418795364690532,7.0,True,14.0,7.0
2026,7,Barcelona Grand Prix,Liam Lawson,Racing Bulls,0.0,0.1425973955556312,0.0,True,8.0,8.0
2026,7,Barcelona Grand Prix,Arvid Lindblad,Racing Bulls,2.0,0.07656526701163081,2.0,True,11.0,9.0
2026,7,Barcelona Grand Prix,Franco Colapinto,Alpine,2.0,0.15161887716450123,3.0,True,13.0,10.0
2026,7,Barcelona Grand Prix,Gabriel Bortoleto,Audi,-5.0,0.15400647693957964,1.0,True,12.0,11.0
2026,7,Barcelona Grand Prix,Carlos Sainz,Williams,3.0,0.16116141941932047,4.0,True,16.0,12.0
2026,7,Barcelona Grand Prix,Esteban Ocon,Haas F1 Team,1.0,-0.8219526829550756,4.0,True,17.0,13.0
2026,7,Barcelona Grand Prix,Sergio Perez,Cadillac,0.0,0.17592829019610404,5.0,True,19.0,14.0
2026,7,Barcelona Grand Prix,Charles Leclerc,Ferrari,3.0,0.10480279545016442,-5.0,True,10.0,15.0
2026,7,Barcelona Grand Prix,Kimi Antonelli,Mercedes,0.0,0.07864123920363482,-13.0,True,3.0,16.0
2026,7,Barcelona Grand Prix,Oliver Bearman,Haas F1 Team,0.0,0.11246480048159672,-2.0,True,15.0,17.0
2026,7,Barcelona Grand Prix,Alexander Albon,Williams,0.0,-1.5692366633366641,0.0,True,18.0,18.0
2026,7,Barcelona Grand Prix,Fernando Alonso,Aston Martin,0.0,0.08048110902255651,3.0,True,22.0,19.0
2026,7,Barcelona Grand Prix,Nico Hulkenberg,Audi,-1.0,0.12562832167832022,-11.0,True,9.0,20.0
2026,7,Barcelona Grand Prix,Valtteri Bottas,Cadillac,0.0,0.28845104895104673,-1.0,True,20.0,21.0
2026,7,Barcelona Grand Prix,Lance Stroll,Aston Martin,0.0,,-1.0,True,21.0,22.0
