Year,Round,Label,Driver,FullName,Team,avg_speed_i1,avg_speed_i2,avg_speed_fl,avg_speed_st,top_speed,n_pits,n_stints,primary_compound,lap_time_std,avg_lap_seconds,total_laps
2025,3,Japan 2025,VER,Max Verstappen,Red Bull Racing,285.188679245283,299.6981132075472,265.63461538461536,300.0188679245283,306.0,1,2,HARD,0.9279191555214672,92.45920000000002,53
2025,3,Japan 2025,NOR,Lando Norris,McLaren,282.58490566037733,300.58490566037733,266.0576923076923,300.20754716981133,304.0,1,2,HARD,0.9498909720465342,92.45628,53
2025,3,Japan 2025,PIA,Oscar Piastri,McLaren,283.7169811320755,302.0943396226415,268.38461538461536,298.8679245283019,309.0,1,2,HARD,1.0364671360355016,92.48472,53
2025,3,Japan 2025,LEC,Charles Leclerc,Ferrari,280.77358490566036,300.62264150943395,266.4230769230769,297.3207547169811,303.0,1,2,HARD,0.919167419406258,92.7335,53
2025,3,Japan 2025,RUS,George Russell,Mercedes,284.75471698113205,303.45283018867923,268.61538461538464,302.1132075471698,311.0,1,2,HARD,1.0137633334889016,92.75384,53
2025,3,Japan 2025,ANT,Kimi Antonelli,Mercedes,283.4339622641509,301.54716981132077,265.15384615384613,298.92452830188677,304.0,1,2,MEDIUM,1.193517586885121,92.71411999999998,53
2025,3,Japan 2025,HAM,Lewis Hamilton,Ferrari,280.8301886792453,301.4339622641509,266.3076923076923,298.49056603773585,305.0,1,2,HARD,1.0544809257910477,92.94676,53
2025,3,Japan 2025,HAD,Isack Hadjar,Racing Bulls,283.9622641509434,300.9622641509434,265.78846153846155,299.6981132075472,306.0,1,2,HARD,1.12212788550529,93.04778,53
2025,3,Japan 2025,ALB,Alexander Albon,Williams,283.8301886792453,303.52830188679246,267.86538461538464,301.9811320754717,306.0,1,2,HARD,1.184791118936246,93.07762000000002,53
2025,3,Japan 2025,BEA,Oliver Bearman,Haas F1 Team,277.41509433962267,299.1698113207547,266.09615384615387,298.52830188679246,304.0,1,2,HARD,1.105721797685815,93.3878,53
2025,3,Japan 2025,ALO,Fernando Alonso,Aston Martin,278.9811320754717,299.8867924528302,266.09615384615387,298.35849056603774,302.0,1,2,HARD,1.1150991033105897,93.3637,53
2025,3,Japan 2025,TSU,Yuki Tsunoda,Red Bull Racing,278.52830188679246,300.3018867924528,267.5,299.8679245283019,303.0,1,2,HARD,1.206509223558035,93.43093999999998,53
2025,3,Japan 2025,GAS,Pierre Gasly,Alpine,275.6981132075472,300.6981132075472,266.38461538461536,296.24528301886795,303.0,1,2,HARD,1.2410048116139525,93.39342,53
2025,3,Japan 2025,SAI,Carlos Sainz,Williams,282.58490566037733,303.62264150943395,269.15384615384613,301.6981132075472,309.0,1,2,MEDIUM,1.4111846284275502,93.75384000000004,53
2025,3,Japan 2025,DOO,Jack Doohan,Alpine,276.37735849056605,300.41509433962267,265.88461538461536,296.62264150943395,301.0,1,2,HARD,0.9976225430328578,93.82342,53
2025,3,Japan 2025,HUL,Nico Hulkenberg,Kick Sauber,278.9056603773585,302.22641509433964,268.6730769230769,300.50943396226415,305.0,1,2,HARD,1.1173107884376587,93.8775,53
2025,3,Japan 2025,LAW,Liam Lawson,Racing Bulls,282.8301886792453,301.92452830188677,265.96153846153845,300.7358490566038,308.0,1,2,MEDIUM,1.1162527657940446,93.91126,53
2025,3,Japan 2025,OCO,Esteban Ocon,Haas F1 Team,278.24528301886795,300.22641509433964,266.78846153846155,299.60377358490564,304.0,1,2,HARD,1.2275392888678902,93.89378,53
2025,3,Japan 2025,BOR,Gabriel Bortoleto,Kick Sauber,276.4339622641509,302.8301886792453,269.34615384615387,299.50943396226415,307.0,1,2,HARD,1.2523383542275592,93.83643999999998,53
2025,3,Japan 2025,STR,Lance Stroll,Aston Martin,279.5,300.0,264.62,298.71153846153845,303.0,2,3,MEDIUM,1.3466450658562577,93.85774468085106,52
2024,4,Japan 2024,VER,Max Verstappen,Red Bull Racing,278.0188679245283,293.24528301886795,251.08,285.75471698113205,302.0,3,4,MEDIUM,1.1820288243295478,96.02823913043478,53
2024,4,Japan 2024,PER,Sergio Perez,Red Bull Racing,277.1698113207547,295.8490566037736,251.66,290.7358490566038,305.0,3,4,MEDIUM,1.288117570660928,96.30945652173912,53
2024,4,Japan 2024,SAI,Carlos Sainz,Ferrari,276.58490566037733,295.8301886792453,251.76,294.45283018867923,307.0,3,4,MEDIUM,1.370300725131052,96.4414782608696,53
2024,4,Japan 2024,LEC,Charles Leclerc,Ferrari,274.9056603773585,293.9056603773585,250.76470588235293,291.64150943396226,303.0,2,3,HARD,1.216036314897272,96.91825,53
2024,4,Japan 2024,NOR,Lando Norris,McLaren,278.75471698113205,296.58490566037733,250.84,293.3207547169811,302.0,3,4,HARD,0.9371971742799168,96.57910869565217,53
2024,4,Japan 2024,ALO,Fernando Alonso,Aston Martin,278.0377358490566,293.5660377358491,251.88,291.50943396226415,303.0,3,4,MEDIUM,1.1028984991906146,96.91047826086955,53
2024,4,Japan 2024,RUS,George Russell,Mercedes,277.5660377358491,295.0566037735849,253.42,292.79245283018867,307.0,3,4,HARD,1.637215341338164,96.93771739130436,53
2024,4,Japan 2024,PIA,Oscar Piastri,McLaren,279.0,295.75471698113205,251.92,294.49056603773585,304.0,3,4,HARD,1.1745053188305925,96.90947826086958,53
2024,4,Japan 2024,HAM,Lewis Hamilton,Mercedes,277.9622641509434,294.9811320754717,251.32,291.7169811320755,303.0,3,4,HARD,1.8527322745500543,97.00691304347824,53
2024,4,Japan 2024,TSU,Yuki Tsunoda,RB,277.2307692307692,295.40384615384613,256.16326530612247,295.1923076923077,308.0,3,4,HARD,1.0358520184082298,97.91577777777776,52
2024,4,Japan 2024,HUL,Nico Hulkenberg,Haas F1 Team,276.90384615384613,300.0,254.59183673469389,296.03846153846155,309.0,3,4,HARD,1.6141445518736652,97.91604444444444,52
2024,4,Japan 2024,STR,Lance Stroll,Aston Martin,274.63461538461536,294.11538461538464,252.04166666666663,289.1923076923077,303.0,4,5,SOFT,1.2786741290255328,97.71525581395348,52
2024,4,Japan 2024,MAG,Kevin Magnussen,Haas F1 Team,274.4230769230769,298.53846153846155,252.86,296.3076923076923,307.0,2,3,HARD,5.083444989123696,99.31275,52
2024,4,Japan 2024,BOT,Valtteri Bottas,Kick Sauber,271.7692307692308,293.59615384615387,253.0,290.96153846153845,302.0,3,4,HARD,7.555374205652533,99.27065217391304,52
2024,4,Japan 2024,OCO,Esteban Ocon,Alpine,273.1730769230769,295.88461538461536,250.73469387755105,293.28846153846155,302.0,3,4,HARD,6.302421596589632,99.64541304347829,52
2024,4,Japan 2024,GAS,Pierre Gasly,Alpine,270.8269230769231,295.86538461538464,250.75510204081633,294.38461538461536,305.0,3,4,HARD,6.015247769582611,99.82421739130434,52
2024,4,Japan 2024,SAR,Logan Sargeant,Williams,277.9230769230769,298.61538461538464,251.89583333333337,294.13461538461536,306.0,4,5,HARD,5.54310094559203,98.727,52
2024,4,Japan 2024,ZHO,Guanyu Zhou,Kick Sauber,268.1666666666667,281.6666666666667,229.5,275.1666666666667,302.0,4,4,SOFT,12.475947986692898,103.96083333333333,12
2024,4,Japan 2024,RIC,Daniel Ricciardo,RB,,,,,,0,1,MEDIUM,,,1
2024,4,Japan 2024,ALB,Alexander Albon,Williams,,,,,,0,1,SOFT,,,1
2023,16,Japan 2023,VER,Max Verstappen,Red Bull Racing,268.60377358490564,287.3018867924528,250.7450980392157,279.3018867924528,302.0,2,3,MEDIUM,1.0308544291618578,97.21672727272728,53
2023,16,Japan 2023,NOR,Lando Norris,McLaren,267.24528301886795,287.2830188679245,249.84313725490196,284.37735849056605,303.0,2,3,HARD,1.1020589139852253,97.53668181818183,53
2023,16,Japan 2023,PIA,Oscar Piastri,McLaren,271.0188679245283,288.8867924528302,250.86274509803923,284.50943396226415,312.0,2,3,HARD,0.9415435199713286,98.11193333333334,53
2023,16,Japan 2023,LEC,Charles Leclerc,Ferrari,269.6792452830189,288.45283018867923,250.3921568627451,287.1698113207547,308.0,2,3,MEDIUM,0.9105894229846871,98.18686363636364,53
2023,16,Japan 2023,HAM,Lewis Hamilton,Mercedes,266.47169811320754,288.2830188679245,249.37254901960785,285.58490566037733,305.0,2,3,HARD,1.0269071472689486,98.19811363636364,53
2023,16,Japan 2023,SAI,Carlos Sainz,Ferrari,269.0943396226415,290.1509433962264,250.68627450980392,289.0943396226415,311.0,2,3,MEDIUM,1.0368417739293228,98.30279545454546,53
2023,16,Japan 2023,RUS,George Russell,Mercedes,268.1698113207547,290.24528301886795,252.57692307692307,284.188679245283,303.0,1,2,HARD,0.798582927610234,98.88041304347826,53
2023,16,Japan 2023,ALO,Fernando Alonso,Aston Martin,268.1509433962264,288.2641509433962,248.37254901960785,284.9056603773585,304.0,2,3,HARD,1.0148015882752115,98.77030232558138,53
2023,16,Japan 2023,OCO,Esteban Ocon,Alpine,264.39622641509436,290.811320754717,249.50980392156865,288.0377358490566,307.0,2,3,HARD,1.2799544645467404,99.21142222222224,53
2023,16,Japan 2023,GAS,Pierre Gasly,Alpine,264.2641509433962,290.6792452830189,243.9803921568627,287.0943396226415,308.0,2,3,HARD,1.4714425057130318,98.786,53
2023,16,Japan 2023,LAW,Liam Lawson,AlphaTauri,266.8076923076923,288.3269230769231,249.06,280.90384615384613,302.0,2,3,HARD,0.9046872163071568,99.27033333333334,52
2023,16,Japan 2023,TSU,Yuki Tsunoda,AlphaTauri,268.09615384615387,286.86538461538464,247.08,281.5192307692308,301.0,2,3,HARD,1.112330777692122,99.3267380952381,52
2023,16,Japan 2023,ZHO,Guanyu Zhou,Alfa Romeo,262.9230769230769,286.4423076923077,248.8571428571429,280.5769230769231,302.0,3,4,SOFT,1.081409557051029,99.28183333333334,52
2023,16,Japan 2023,HUL,Nico Hulkenberg,Haas F1 Team,268.5576923076923,288.4423076923077,247.91836734693877,284.03846153846155,305.0,3,4,MEDIUM,1.0799237152545689,98.8235,52
2023,16,Japan 2023,MAG,Kevin Magnussen,Haas F1 Team,267.46153846153845,287.03846153846155,247.08,282.59615384615387,304.0,2,3,HARD,1.082837613305191,99.36741860465116,52
2023,16,Japan 2023,ALB,Alexander Albon,Williams,268.1923076923077,284.9230769230769,246.34782608695653,263.61538461538464,294.0,3,3,MEDIUM,0.7441685811649011,100.48589473684213,26
2023,16,Japan 2023,SAR,Logan Sargeant,Williams,270.3181818181818,271.77272727272725,240.44444444444449,264.1363636363636,304.0,4,4,MEDIUM,0.6302070126457487,100.46283333333334,22
2023,16,Japan 2023,STR,Lance Stroll,Aston Martin,250.4,279.05,234.33333333333337,266.0,308.0,2,2,SOFT,0.458006914067173,99.91016666666664,20
2023,16,Japan 2023,PER,Sergio Perez,Red Bull Racing,246.6,255.8,231.2,238.66666666666663,309.0,5,5,HARD,0.4515148576366764,100.384,15
2023,16,Japan 2023,BOT,Valtteri Bottas,Alfa Romeo,229.1428571428571,214.71428571428572,214.0,196.1428571428571,252.0,3,3,SOFT,,,7
2025,24,Abu Dhabi,VER,Max Verstappen,Red Bull Racing,286.44827586206895,297.13793103448273,212.4561403508772,304.7413793103448,335.0,1,2,HARD,0.7596471367619131,88.64552727272729,58
2025,24,Abu Dhabi,PIA,Oscar Piastri,McLaren,289.44827586206895,295.62068965517244,212.12280701754383,303.7931034482759,315.0,1,2,HARD,0.9639198846936106,88.83758181818179,58
2025,24,Abu Dhabi,NOR,Lando Norris,McLaren,289.5,295.6896551724138,212.9821428571429,303.0344827586207,324.0,2,3,HARD,1.0502043463467627,88.48515094339625,58
2025,24,Abu Dhabi,LEC,Charles Leclerc,Ferrari,287.51724137931035,301.1551724137931,211.33928571428572,310.5689655172414,330.0,2,3,MEDIUM,1.055619490492798,88.59437735849056,58
2025,24,Abu Dhabi,RUS,George Russell,Mercedes,289.01724137931035,304.44827586206895,212.24561403508773,312.7758620689655,336.0,1,2,HARD,0.5173811579737545,89.43718181818181,58
2025,24,Abu Dhabi,ALO,Fernando Alonso,Aston Martin,287.17241379310343,295.9655172413793,213.78947368421052,302.98275862068965,341.0,1,2,HARD,0.6092157485512246,89.76136363636363,58
2025,24,Abu Dhabi,OCO,Esteban Ocon,Haas F1 Team,289.0344827586207,305.58620689655174,212.87719298245617,316.7241379310345,340.0,1,2,HARD,0.7456801459973837,89.77116363636364,58
2025,24,Abu Dhabi,HAM,Lewis Hamilton,Ferrari,285.5344827586207,306.1034482758621,211.6071428571429,316.3448275862069,341.0,2,3,MEDIUM,0.7611856961384692,89.43290566037737,58
2025,24,Abu Dhabi,HUL,Nico Hulkenberg,Kick Sauber,286.5344827586207,305.67241379310343,211.2321428571429,316.12068965517244,340.0,2,3,HARD,1.1841465317722604,89.53862264150942,58
2025,24,Abu Dhabi,STR,Lance Stroll,Aston Martin,286.36206896551727,297.5,211.6140350877193,308.9310344827586,345.0,1,2,HARD,1.1669867650339096,89.82876363636365,58
2025,24,Abu Dhabi,BOR,Gabriel Bortoleto,Kick Sauber,285.94827586206895,304.55172413793105,210.8947368421053,313.55172413793105,331.0,1,2,HARD,0.4305768177219907,90.01921818181818,58
2025,24,Abu Dhabi,BEA,Oliver Bearman,Haas F1 Team,288.55172413793105,304.6896551724138,211.56140350877192,317.41379310344826,343.0,1,2,HARD,0.6457646593660848,89.8604909090909,58
2025,24,Abu Dhabi,SAI,Carlos Sainz,Williams,288.67241379310343,303.2413793103448,212.49122807017545,313.67241379310343,334.0,1,2,HARD,0.7012424361151807,89.96016363636362,58
2025,24,Abu Dhabi,TSU,Yuki Tsunoda,Red Bull Racing,287.2586206896552,301.4310344827586,210.96491228070175,312.05172413793105,338.0,1,2,HARD,0.7943581963495707,89.94301818181818,58
2025,24,Abu Dhabi,ANT,Kimi Antonelli,Mercedes,291.1034482758621,307.87931034482756,210.24561403508773,311.4310344827586,331.0,1,2,HARD,1.107143633675969,89.9564181818182,58
2025,24,Abu Dhabi,ALB,Alexander Albon,Williams,289.62068965517244,306.91379310344826,212.03571428571428,317.6896551724138,335.0,2,3,HARD,0.8150663640427709,89.64550943396227,58
2025,24,Abu Dhabi,HAD,Isack Hadjar,Racing Bulls,285.64912280701753,300.56140350877195,209.44642857142856,305.17543859649123,328.0,1,2,HARD,0.5326916084897667,90.1690925925926,57
2025,24,Abu Dhabi,LAW,Liam Lawson,Racing Bulls,285.4035087719298,301.29824561403507,210.9821428571429,300.3859649122807,324.0,1,2,HARD,0.8594950616532302,90.00977777777778,57
2025,24,Abu Dhabi,GAS,Pierre Gasly,Alpine,283.0,295.140350877193,210.45454545454547,305.05263157894734,332.0,2,3,MEDIUM,1.012290892881071,89.7261730769231,57
2025,24,Abu Dhabi,COL,Franco Colapinto,Alpine,285.42105263157896,293.4736842105263,210.29090909090908,302.9122807017544,315.0,2,3,MEDIUM,1.14390971146279,89.85244230769231,57
2025,23,Qatar,VER,Max Verstappen,Red Bull Racing,239.52631578947367,280.7894736842105,274.96363636363634,301.3157894736842,329.0,2,3,MEDIUM,1.0679007369983555,85.30033999999999,57
2025,23,Qatar,GAS,Pierre Gasly,Alpine,229.875,277.7857142857143,276.35185185185185,303.8392857142857,333.0,2,3,MEDIUM,1.2740542590886932,86.94448979591839,56
2025,23,Qatar,ANT,Kimi Antonelli,Mercedes,236.9122807017544,283.7719298245614,276.8727272727273,306.1929824561403,327.0,2,3,MEDIUM,1.3869871832611194,85.81031999999999,57
2025,23,Qatar,ALO,Fernando Alonso,Aston Martin,228.6315789473684,280.64912280701753,274.5090909090909,299.4035087719298,328.0,2,3,MEDIUM,1.308692971429659,86.34718,57
2025,23,Qatar,LEC,Charles Leclerc,Ferrari,237.26315789473685,284.7543859649123,279.2909090909091,313.36842105263156,335.0,2,3,MEDIUM,1.3797709741926347,86.43824000000002,57
2025,23,Qatar,STR,Lance Stroll,Aston Martin,229.0727272727273,278.9818181818182,275.0,304.96363636363634,332.0,4,4,MEDIUM,1.4336657109337148,86.78135555555556,55
2025,23,Qatar,TSU,Yuki Tsunoda,Red Bull Racing,231.96491228070175,281.96491228070175,279.92727272727274,312.2105263157895,341.0,2,3,MEDIUM,1.481551115471587,86.53591999999999,57
2025,23,Qatar,ALB,Alexander Albon,Williams,230.31578947368425,281.4736842105263,278.43636363636364,308.4035087719298,335.0,2,3,MEDIUM,1.4208881447883217,86.64632000000002,57
2025,23,Qatar,HUL,Nico Hulkenberg,Kick Sauber,230.5,285.5,280.6666666666667,310.5,332.0,0,1,SOFT,0.3034163805729689,88.40400000000001,7
2025,23,Qatar,LAW,Liam Lawson,Racing Bulls,231.24561403508773,282.8421052631579,278.07272727272726,309.8070175438597,332.0,2,3,MEDIUM,1.4732412546102944,86.48696,57
2025,23,Qatar,OCO,Esteban Ocon,Haas F1 Team,233.8571428571429,283.80357142857144,278.9056603773585,308.57142857142856,331.0,3,4,MEDIUM,1.1996912113335751,87.07355102040817,56
2025,23,Qatar,NOR,Lando Norris,McLaren,234.140350877193,282.7894736842105,275.56363636363636,303.1578947368421,331.0,2,3,MEDIUM,1.1192355576907342,85.24264583333333,57
2025,23,Qatar,COL,Franco Colapinto,Alpine,228.94642857142856,277.01785714285717,275.81481481481484,300.5,332.0,2,3,MEDIUM,1.2077629278819524,87.09995918367348,56
2025,23,Qatar,HAM,Lewis Hamilton,Ferrari,233.49122807017545,282.9122807017544,278.54545454545456,310.70175438596493,335.0,2,3,MEDIUM,1.2046282558091843,86.8477,57
2025,23,Qatar,BOR,Gabriel Bortoleto,Kick Sauber,230.2280701754386,278.3157894736842,276.3090909090909,307.0,341.0,2,3,MEDIUM,1.1880128838715929,86.99900000000001,57
2025,23,Qatar,SAI,Carlos Sainz,Williams,231.9122807017544,283.2456140350877,274.8181818181818,301.10526315789474,327.0,2,3,MEDIUM,1.2888057316281432,85.76047999999999,57
2025,23,Qatar,HAD,Isack Hadjar,Racing Bulls,229.85454545454544,278.4909090909091,274.5192307692308,305.8,328.0,3,3,MEDIUM,1.3136378068922103,86.39587234042554,55
2025,23,Qatar,RUS,George Russell,Mercedes,237.140350877193,283.03508771929825,278.90909090909093,313.7368421052632,335.0,2,3,MEDIUM,1.4355491829730855,86.23718000000001,57
2025,23,Qatar,PIA,Oscar Piastri,McLaren,234.78947368421052,282.4035087719298,274.1090909090909,296.8070175438597,334.0,2,3,MEDIUM,1.1582606041890202,84.90477083333333,57
2025,23,Qatar,BEA,Oliver Bearman,Haas F1 Team,231.58536585365857,278.9268292682927,276.35135135135135,304.8048780487805,331.0,4,4,MEDIUM,1.0491236511888729,87.269375,41
2025,22,Las Vegas,VER,Max Verstappen,Red Bull Racing,181.82,,308.9795918367347,311.2,332.0,1,2,MEDIUM,1.0301524911578683,95.20981395348836,50
2025,22,Las Vegas,RUS,George Russell,Mercedes,179.14,,315.57142857142856,321.08,339.0,1,2,HARD,0.5876697860266762,95.71427906976744,50
2025,22,Las Vegas,ANT,Kimi Antonelli,Mercedes,177.68,,316.16326530612247,318.72,332.0,1,2,HARD,1.0912753635961543,95.6998888888889,50
2025,22,Las Vegas,LEC,Charles Leclerc,Ferrari,180.64,,311.8979591836735,317.2,346.0,1,2,HARD,1.0932668216405863,95.67788372093024,50
2025,22,Las Vegas,SAI,Carlos Sainz,Williams,180.32,,311.55102040816325,316.0,339.0,1,2,HARD,1.0763856916800774,95.82255813953488,50
2025,22,Las Vegas,HAD,Isack Hadjar,Racing Bulls,178.76,,316.14285714285717,312.58,331.0,1,2,HARD,1.0586145007175964,96.0353488372093,50
2025,22,Las Vegas,HUL,Nico Hulkenberg,Kick Sauber,183.16,,313.57142857142856,312.4,337.0,1,2,HARD,1.1920603272990284,96.10155813953487,50
2025,22,Las Vegas,HAM,Lewis Hamilton,Ferrari,179.42,,316.9387755102041,305.54,334.0,1,2,HARD,1.268480089532953,96.24302325581397,50
2025,22,Las Vegas,OCO,Esteban Ocon,Haas F1 Team,181.12,,317.1224489795918,315.48,344.0,1,2,MEDIUM,1.183727934975691,96.23707142857144,50
2025,22,Las Vegas,BEA,Oliver Bearman,Haas F1 Team,179.82,,317.61224489795916,311.64,345.0,1,2,HARD,0.9765393181368104,96.52023255813953,50
2025,22,Las Vegas,ALO,Fernando Alonso,Aston Martin,178.3,,311.7959183673469,299.64,326.0,1,2,HARD,0.7647548350397678,96.91963636363634,50
2025,22,Las Vegas,TSU,Yuki Tsunoda,Red Bull Racing,177.78,,317.8541666666667,315.2,358.0,2,3,HARD,1.0215245815218437,96.40234883720932,50
2025,22,Las Vegas,GAS,Pierre Gasly,Alpine,177.16,,312.59183673469386,310.34,336.0,1,2,HARD,0.6291469027600192,96.94575555555554,50
2025,22,Las Vegas,LAW,Liam Lawson,Racing Bulls,180.28571428571428,,316.8936170212766,299.53061224489795,328.0,2,3,HARD,0.9614742805203926,96.5534761904762,49
2025,22,Las Vegas,COL,Franco Colapinto,Alpine,176.22448979591837,,310.6458333333333,313.44897959183675,337.0,1,2,HARD,1.1911569250005531,97.24309523809524,49
2025,22,Las Vegas,ALB,Alexander Albon,Williams,177.74285714285713,,310.51612903225805,303.22857142857146,348.0,4,4,HARD,1.1731026482630682,96.57214814814814,35
2025,22,Las Vegas,BOR,Gabriel Bortoleto,Kick Sauber,147.5,,,200.0,235.0,2,2,HARD,,,2
2025,22,Las Vegas,STR,Lance Stroll,Aston Martin,,,,,,0,1,MEDIUM,,,1
2025,22,Las Vegas,NOR,Lando Norris,McLaren,180.16,,294.40816326530614,314.12,341.0,1,2,HARD,1.0694507097561836,95.58958139534886,50
2025,22,Las Vegas,PIA,Oscar Piastri,McLaren,181.28,,315.57142857142856,311.46,330.0,1,2,HARD,1.1736227582735184,95.6730465116279,50
2025,21,São Paulo,VER,Max Verstappen,Red Bull Racing,306.8169014084507,250.38028169014083,312.8235294117647,308.2142857142857,335.0,3,4,MEDIUM,1.0565591038037148,74.18175,71
2025,21,São Paulo,GAS,Pierre Gasly,Alpine,314.28169014084506,244.49295774647888,317.6376811594203,306.90140845070425,333.0,2,3,MEDIUM,0.7739137048785663,75.01686666666667,71
2025,21,São Paulo,ANT,Kimi Antonelli,Mercedes,303.28169014084506,249.69014084507043,301.8695652173913,295.9154929577465,325.0,2,3,MEDIUM,0.6986111443953968,74.28716666666666,71
2025,21,São Paulo,ALO,Fernando Alonso,Aston Martin,308.1267605633803,247.98591549295776,305.27536231884056,300.80281690140845,325.0,2,3,MEDIUM,0.9926149592589432,74.99898333333333,71
2025,21,São Paulo,LEC,Charles Leclerc,Ferrari,271.6,196.0,252.6,224.6,300.0,0,1,MEDIUM,,,6
2025,21,São Paulo,STR,Lance Stroll,Aston Martin,302.9718309859155,245.6056338028169,308.3333333333333,298.40845070422534,334.0,2,3,MEDIUM,0.8908059760501642,74.82645762711864,71
2025,21,São Paulo,TSU,Yuki Tsunoda,Red Bull Racing,309.90140845070425,247.8450704225352,309.5,297.7323943661972,314.0,3,4,MEDIUM,1.1027646915692182,74.83796666666666,71
2025,21,São Paulo,ALB,Alexander Albon,Williams,309.71830985915494,247.45070422535213,310.28985507246375,301.76056338028167,334.0,2,3,MEDIUM,1.173334398152124,75.02201666666669,71
2025,21,São Paulo,HUL,Nico Hulkenberg,Kick Sauber,305.8732394366197,242.01408450704224,309.8,297.9718309859155,329.0,1,2,MEDIUM,0.8272040176277443,75.31885483870968,71
2025,21,São Paulo,LAW,Liam Lawson,Racing Bulls,309.7042253521127,246.35211267605635,307.2,292.5211267605634,315.0,1,2,MEDIUM,0.6251172033946149,75.32791935483871,71
2025,21,São Paulo,OCO,Esteban Ocon,Haas F1 Team,302.83098591549293,247.09859154929575,305.9855072463768,295.7142857142857,334.0,2,3,MEDIUM,1.0116581252058825,74.93606557377049,71
2025,21,São Paulo,NOR,Lando Norris,McLaren,300.11267605633805,246.3661971830986,298.40579710144925,291.85915492957747,320.0,2,3,MEDIUM,0.5731624038987012,74.14533333333333,71
2025,21,São Paulo,COL,Franco Colapinto,Alpine,299.15492957746477,245.05633802816905,306.3623188405797,291.23943661971833,322.0,2,3,MEDIUM,1.1213367925203763,74.97936666666668,71
2025,21,São Paulo,HAM,Lewis Hamilton,Ferrari,299.7567567567568,238.5675675675676,307.5151515151515,287.97297297297297,334.0,4,4,MEDIUM,1.0878157212199742,75.55228,37
2025,21,São Paulo,BOR,Gabriel Bortoleto,Kick Sauber,,,,,,0,1,SOFT,,,1
2025,21,São Paulo,SAI,Carlos Sainz,Williams,309.9154929577465,245.33802816901408,314.6521739130435,309.14084507042253,335.0,2,3,MEDIUM,0.7679011338788537,74.99986666666669,71
2025,21,São Paulo,HAD,Isack Hadjar,Racing Bulls,305.6619718309859,249.83098591549296,308.6666666666667,303.2676056338028,333.0,2,3,MEDIUM,0.688880349257562,74.971,71
2025,21,São Paulo,RUS,George Russell,Mercedes,307.63380281690144,252.95774647887325,305.39130434782606,303.80281690140845,330.0,2,3,MEDIUM,0.8775047306196635,74.42541666666666,71
2025,21,São Paulo,PIA,Oscar Piastri,McLaren,303.40845070422534,250.67605633802816,304.4782608695652,301.49295774647885,329.0,2,3,MEDIUM,0.8782008450769027,74.23056666666666,71
2025,21,São Paulo,BEA,Oliver Bearman,Haas F1 Team,306.0281690140845,246.71830985915497,305.0,290.67605633802816,323.0,2,3,MEDIUM,0.7823344385419925,74.59675000000001,71
2025,20,Mexico,VER,Max Verstappen,Red Bull Racing,287.1267605633803,281.98591549295776,244.94285714285715,327.0281690140845,353.0,1,2,MEDIUM,1.2244501377598591,82.44827272727271,71
2025,20,Mexico,GAS,Pierre Gasly,Alpine,288.54285714285714,278.77142857142854,244.1014492753623,323.4428571428571,340.0,1,2,SOFT,1.1293344251150772,83.7734,70
2025,20,Mexico,ANT,Kimi Antonelli,Mercedes,286.8732394366197,283.056338028169,244.63768115942028,334.5211267605634,355.0,2,3,SOFT,1.0302901077372284,82.37676562499999,71
2025,20,Mexico,ALO,Fernando Alonso,Aston Martin,280.88235294117646,281.4117647058824,243.71875,333.4117647058824,352.0,2,2,SOFT,0.9657322640085736,83.48123333333334,34
2025,20,Mexico,LEC,Charles Leclerc,Ferrari,284.77464788732397,279.85915492957747,244.7,321.15492957746477,329.0,1,2,MEDIUM,0.61710435169895,82.44993939393939,71
2025,20,Mexico,STR,Lance Stroll,Aston Martin,285.1,280.4142857142857,242.55882352941177,329.5,354.0,2,3,SOFT,0.9715431594113968,82.85761904761905,70
2025,20,Mexico,TSU,Yuki Tsunoda,Red Bull Racing,286.32394366197184,282.0281690140845,244.21428571428572,329.0422535211268,354.0,1,2,MEDIUM,1.071050988210794,83.0064393939394,71
2025,20,Mexico,ALB,Alexander Albon,Williams,292.1142857142857,282.0571428571429,243.8840579710145,333.0857142857143,356.0,1,2,HARD,1.4198332702766954,83.18678461538462,70
2025,20,Mexico,HUL,Nico Hulkenberg,Kick Sauber,272.64,272.88,242.45833333333337,318.92,349.0,1,1,SOFT,1.0636292817574435,84.40739130434781,25
2025,20,Mexico,LAW,Liam Lawson,Racing Bulls,268.8,269.2,241.66666666666663,311.8,328.0,2,2,HARD,,,5
2025,20,Mexico,OCO,Esteban Ocon,Haas F1 Team,288.3943661971831,283.056338028169,245.21428571428572,330.2535211267606,354.0,1,2,MEDIUM,0.9532648230391298,83.06584848484847,71
2025,20,Mexico,NOR,Lando Norris,McLaren,282.0845070422535,280.3380281690141,245.11428571428573,315.61971830985914,340.0,1,2,MEDIUM,0.6102959731353098,82.03354545454545,71
2025,20,Mexico,COL,Franco Colapinto,Alpine,289.4714285714286,280.3857142857143,243.84057971014497,324.35714285714283,346.0,1,2,HARD,1.2683864272555718,83.73250769230769,70
2025,20,Mexico,HAM,Lewis Hamilton,Ferrari,281.40845070422534,278.63380281690144,246.04347826086956,325.2535211267606,353.0,2,3,SOFT,0.9200217129942928,82.30837500000001,71
2025,20,Mexico,BOR,Gabriel Bortoleto,Kick Sauber,288.9154929577465,282.9718309859155,243.62857142857143,330.2957746478873,354.0,1,2,MEDIUM,1.0982269390053725,83.11325757575759,71
2025,20,Mexico,SAI,Carlos Sainz,Williams,289.44776119402985,283.5820895522388,246.109375,334.34328358208955,355.0,3,4,SOFT,1.1416527610601033,82.62258333333332,68
2025,20,Mexico,HAD,Isack Hadjar,Racing Bulls,287.2142857142857,281.51428571428573,243.33333333333337,325.9714285714286,350.0,1,2,SOFT,1.0691065527597547,83.25926153846153,70
2025,20,Mexico,RUS,George Russell,Mercedes,289.61971830985914,283.40845070422534,245.42028985507247,335.6056338028169,354.0,2,3,SOFT,1.1852195559613978,82.46696875,71
2025,20,Mexico,PIA,Oscar Piastri,McLaren,293.40845070422534,285.0422535211268,247.33333333333337,337.9577464788732,363.0,2,3,SOFT,1.1664996231391302,82.291796875,71
2025,20,Mexico,BEA,Oliver Bearman,Haas F1 Team,286.3098591549296,280.98591549295776,245.85507246376812,324.23943661971833,348.0,2,3,SOFT,0.9512127216690702,82.31509374999999,71
2026,1,Australia 2026,NOR,Lando Norris,McLaren,253.91379310344828,293.9310344827586,289.23214285714283,278.98275862068965,297.0,2,3,MEDIUM,1.0903896895927,83.86269387755102,58
2026,1,Australia 2026,GAS,Pierre Gasly,Alpine,258.9122807017544,293.63157894736844,291.9107142857143,281.7368421052632,306.0,1,2,HARD,0.7759512014339578,85.42093877551022,57
2026,1,Australia 2026,PER,Sergio Perez,Cadillac,253.36363636363637,287.07272727272726,286.0377358490566,270.58181818181816,298.0,2,3,HARD,1.2586213770260986,87.80704444444443,55
2026,1,Australia 2026,ANT,Kimi Antonelli,Mercedes,259.7241379310345,293.1034482758621,291.6666666666667,288.5,306.0,1,2,HARD,0.8620413564151482,83.29969387755102,58
2026,1,Australia 2026,ALO,Fernando Alonso,Aston Martin,244.0909090909091,266.40909090909093,287.2631578947368,263.90909090909093,289.0,3,3,SOFT,0.9749183363236116,87.3018125,22
2026,1,Australia 2026,LEC,Charles Leclerc,Ferrari,249.48275862068965,284.5689655172414,289.87719298245617,285.7413793103448,305.0,1,2,HARD,0.8386043811401043,83.51272916666667,58
2026,1,Australia 2026,STR,Lance Stroll,Aston Martin,245.69767441860463,265.13953488372096,281.4871794871795,258.5813953488372,302.0,4,5,SOFT,1.0218615498655368,87.21320689655171,43
2026,1,Australia 2026,ALB,Alexander Albon,Williams,256.49122807017545,292.05263157894734,289.9818181818182,276.9298245614035,291.0,2,3,SOFT,0.9786196051748878,85.65595918367346,57
2026,1,Australia 2026,HUL,Nico Hulkenberg,Audi,,,,,,0,1,HARD,,,1
2026,1,Australia 2026,VER,Max Verstappen,Red Bull Racing,249.27586206896552,293.9655172413793,296.5892857142857,290.01724137931035,313.0,2,3,HARD,1.1040462452733255,83.830875,58
2026,1,Australia 2026,LAW,Liam Lawson,Racing Bulls,244.0877192982456,286.10526315789474,290.54545454545456,274.3157894736842,297.0,2,3,SOFT,1.3086520100215078,85.431,57
2026,1,Australia 2026,OCO,Esteban Ocon,Haas F1 Team,259.0,290.3333333333333,290.57142857142856,280.0,304.0,1,2,HARD,0.7460204808335548,85.44832653061223,57
2026,1,Australia 2026,LIN,Arvid Lindblad,Racing Bulls,248.5438596491228,295.0175438596491,290.01785714285717,279.4035087719298,301.0,1,2,HARD,0.8931762312902449,85.13691666666666,57
2026,1,Australia 2026,COL,Franco Colapinto,Alpine,253.41071428571428,291.14285714285717,290.44444444444446,279.60714285714283,306.0,2,3,HARD,1.196328320109053,85.76077777777776,56
2026,1,Australia 2026,HAM,Lewis Hamilton,Ferrari,248.5,288.05172413793105,290.56140350877195,291.7586206896552,317.0,1,2,HARD,0.8188513999794017,83.43170833333333,58
2026,1,Australia 2026,BOR,Gabriel Bortoleto,Audi,254.03508771929825,285.8421052631579,293.58181818181816,281.70175438596493,306.0,2,3,HARD,0.9359520958255666,84.82838775510204,57
2026,1,Australia 2026,SAI,Carlos Sainz,Williams,259.35714285714283,294.625,292.8679245283019,279.30357142857144,304.0,3,4,SOFT,1.9673109076214612,86.04371739130434,56
2026,1,Australia 2026,HAD,Isack Hadjar,Red Bull Racing,236.0,273.6,298.3,285.8,302.0,0,1,MEDIUM,0.2633367615810588,85.49766666666667,11
2026,1,Australia 2026,RUS,George Russell,Mercedes,259.7931034482759,290.44827586206895,293.56140350877195,289.44827586206895,321.0,1,2,HARD,0.8426254887467584,83.413,58
2026,1,Australia 2026,BOT,Valtteri Bottas,Cadillac,239.46666666666667,287.3333333333333,284.57142857142856,260.93333333333334,291.0,1,2,HARD,1.5529602874978643,88.71363636363638,16
2026,1,Australia 2026,BEA,Oliver Bearman,Haas F1 Team,258.9824561403509,292.0701754385965,293.05357142857144,280.140350877193,301.0,1,2,HARD,0.8068784886264865,84.98297959183674,57
2026,2,China 2026,NOR,Lando Norris,McLaren,,,,,,0,1,HARD,,,1
2026,2,China 2026,GAS,Pierre Gasly,Alpine,273.98214285714283,259.69642857142856,267.6909090909091,312.5357142857143,353.0,1,2,HARD,0.9721593906270282,97.75286274509804,56
2026,2,China 2026,PER,Sergio Perez,Cadillac,271.58181818181816,249.5090909090909,267.2037037037037,307.0,335.0,1,2,HARD,1.5576496312963175,100.34444,55
2026,2,China 2026,ANT,Kimi Antonelli,Mercedes,268.05357142857144,254.44642857142856,267.8545454545455,303.5357142857143,332.0,1,2,HARD,0.8428124444208136,96.49305882352942,56
2026,2,China 2026,ALO,Fernando Alonso,Aston Martin,256.65625,244.28125,255.7,296.5625,325.0,2,2,HARD,0.9788796367957262,100.73452000000002,32
2026,2,China 2026,LEC,Charles Leclerc,Ferrari,265.9107142857143,252.28571428571428,270.2181818181818,302.7857142857143,336.0,1,2,HARD,0.8197845144890689,97.110568627451,56
2026,2,China 2026,STR,Lance Stroll,Aston Martin,260.3333333333333,250.77777777777777,265.3333333333333,309.1111111111111,321.0,0,1,HARD,0.4386025698576256,101.30725,10
2026,2,China 2026,ALB,Alexander Albon,Williams,,,,,,0,1,HARD,,,1
2026,2,China 2026,HUL,Nico Hulkenberg,Audi,272.3272727272727,260.8181818181818,267.24074074074076,308.45454545454544,344.0,1,2,HARD,1.1232203315113942,98.30420833333334,55
2026,2,China 2026,VER,Max Verstappen,Red Bull Racing,272.5777777777778,253.73333333333332,268.6046511627907,303.24444444444447,341.0,2,2,HARD,0.9207684623000668,98.09892105263158,45
2026,2,China 2026,LAW,Liam Lawson,Racing Bulls,273.98214285714283,257.4642857142857,268.4727272727273,306.19642857142856,345.0,1,2,HARD,0.8877953027538715,98.27248,56
2026,2,China 2026,OCO,Esteban Ocon,Haas F1 Team,261.5090909090909,252.4181818181818,266.7358490566038,302.54545454545456,333.0,2,3,HARD,1.8341511679148168,98.4940652173913,55
2026,2,China 2026,LIN,Arvid Lindblad,Racing Bulls,269.8181818181818,258.05454545454546,270.77777777777777,308.3818181818182,339.0,1,2,HARD,2.1221325568051777,98.70141666666666,55
2026,2,China 2026,COL,Franco Colapinto,Alpine,269.7818181818182,255.70909090909092,268.1666666666667,307.43636363636364,338.0,1,2,HARD,0.8843073778748145,98.2706875,55
2026,2,China 2026,HAM,Lewis Hamilton,Ferrari,264.42857142857144,253.16071428571428,267.4,302.3392857142857,328.0,1,2,HARD,0.8749215413563735,97.07376470588233,56
2026,2,China 2026,BOR,Gabriel Bortoleto,Audi,,,,,,0,1,HARD,,,1
2026,2,China 2026,SAI,Carlos Sainz,Williams,276.41818181818184,260.58181818181816,263.98148148148147,314.8727272727273,349.0,1,2,HARD,0.742240751598383,98.92100000000002,55
2026,2,China 2026,HAD,Isack Hadjar,Red Bull Racing,269.44642857142856,260.85714285714283,273.8333333333333,312.375,344.0,2,3,HARD,0.5771565047891325,98.23404,56
2026,2,China 2026,RUS,George Russell,Mercedes,270.14285714285717,257.0892857142857,270.76363636363635,311.8392857142857,345.0,1,2,HARD,1.028781363994293,96.5658431372549,56
2026,2,China 2026,BOT,Valtteri Bottas,Cadillac,271.56363636363636,255.1818181818182,268.98148148148147,302.8545454545455,335.0,1,2,HARD,0.7610269777191383,100.00498,55
2026,2,China 2026,PIA,Oscar Piastri,McLaren,,,,,,0,1,MEDIUM,,,1
2026,2,China 2026,BEA,Oliver Bearman,Haas F1 Team,265.94642857142856,254.53571428571428,267.96363636363634,302.75,343.0,1,2,HARD,1.0067355612056612,97.85390196078431,56
2026,3,Suzuka 2026,NOR,Lando Norris,McLaren,252.75471698113208,312.62264150943395,273.7692307692308,276.8679245283019,304.0,1,2,HARD,1.1021531752615557,94.49997826086955,53
2026,3,Suzuka 2026,GAS,Pierre Gasly,Alpine,254.377358490566,311.22641509433964,273.9423076923077,274.79245283018867,294.0,1,2,HARD,1.1426643395085276,94.94810638297874,53
2026,3,Suzuka 2026,PER,Sergio Perez,Cadillac,249.0754716981132,306.9433962264151,270.5769230769231,272.35849056603774,296.0,1,2,HARD,0.9734666264065104,97.0183333333333,53
2026,3,Suzuka 2026,ANT,Kimi Antonelli,Mercedes,257.8679245283019,307.3207547169811,273.9807692307692,270.9056603773585,297.0,1,2,HARD,1.1033508254228814,93.87497826086955,53
2026,3,Suzuka 2026,ALO,Fernando Alonso,Aston Martin,248.92307692307693,303.5769230769231,265.46,267.15384615384613,283.0,2,3,MEDIUM,0.7432313039301081,97.86829545454547,52
2026,3,Suzuka 2026,LEC,Charles Leclerc,Ferrari,251.0566037735849,305.20754716981133,273.65384615384613,274.60377358490564,298.0,1,2,HARD,1.115955174588488,94.31678260869566,53
2026,3,Suzuka 2026,STR,Lance Stroll,Aston Martin,242.8,289.43333333333334,258.25925925925924,263.03333333333336,282.0,3,3,MEDIUM,0.628736463970033,98.39227272727273,30
2026,3,Suzuka 2026,ALB,Alexander Albon,Williams,261.1372549019608,310.29411764705884,273.15555555555557,280.3137254901961,304.0,6,7,MEDIUM,1.020826217992774,96.3498717948718,51
2026,3,Suzuka 2026,HUL,Nico Hulkenberg,Audi,258.62264150943395,310.07547169811323,273.0769230769231,281.52830188679246,308.0,1,2,HARD,1.2116205979719692,95.5925652173913,53
2026,3,Suzuka 2026,VER,Max Verstappen,Red Bull Racing,258.24528301886795,314.8301886792453,273.2692307692308,277.1698113207547,305.0,1,2,HARD,0.9904343808662592,94.89021739130436,53
2026,3,Suzuka 2026,LAW,Liam Lawson,Racing Bulls,260.2641509433962,313.45283018867923,274.6730769230769,275.0,294.0,1,2,HARD,1.0314565792505408,95.6287608695652,53
2026,3,Suzuka 2026,OCO,Esteban Ocon,Haas F1 Team,253.0943396226415,314.62264150943395,270.09615384615387,277.0377358490566,299.0,1,2,HARD,1.179813335689467,95.62464444444446,53
2026,3,Suzuka 2026,LIN,Arvid Lindblad,Racing Bulls,262.2641509433962,314.20754716981133,269.96153846153845,281.35849056603774,298.0,1,2,HARD,1.5199506958695723,96.00843478260867,53
2026,3,Suzuka 2026,COL,Franco Colapinto,Alpine,257.8867924528302,318.5660377358491,271.8269230769231,285.49056603773585,303.0,1,2,HARD,1.0114417942577052,95.91690909090909,53
2026,3,Suzuka 2026,HAM,Lewis Hamilton,Ferrari,251.9811320754717,301.8490566037736,273.25,272.9056603773585,296.0,1,2,HARD,1.0086494005951716,94.59031914893616,53
2026,3,Suzuka 2026,BOR,Gabriel Bortoleto,Audi,254.64150943396223,311.60377358490564,273.4423076923077,276.77358490566036,303.0,1,2,HARD,1.0412608698274488,95.82260869565216,53
2026,3,Suzuka 2026,SAI,Carlos Sainz,Williams,260.8301886792453,311.64150943396226,274.5,282.75471698113205,298.0,1,2,HARD,1.025700145464452,96.01947826086956,53
2026,3,Suzuka 2026,HAD,Isack Hadjar,Red Bull Racing,260.8679245283019,312.64150943396226,267.4807692307692,280.9811320754717,304.0,1,2,HARD,1.4764074336526918,95.92439130434784,53
2026,3,Suzuka 2026,RUS,George Russell,Mercedes,261.24528301886795,308.0943396226415,275.63461538461536,274.52830188679246,302.0,1,2,HARD,1.0557192645715134,94.29055319148934,53
2026,3,Suzuka 2026,BOT,Valtteri Bottas,Cadillac,253.09615384615384,309.5192307692308,268.11764705882354,275.34615384615387,298.0,1,2,MEDIUM,1.2995716392566652,98.04029545454544,52
2026,3,Suzuka 2026,PIA,Oscar Piastri,McLaren,257.1698113207547,301.77358490566036,274.11538461538464,267.0377358490566,289.0,1,2,HARD,0.9341681558896456,94.20810869565216,53
2026,3,Suzuka 2026,BEA,Oliver Bearman,Haas F1 Team,257.65,325.45,276.6842105263158,286.45,296.0,1,2,MEDIUM,0.7532264109441423,96.80644444444444,21
2026,4,Miami Gardens 2026,NOR,Lando Norris,McLaren,201.140350877193,177.26315789473685,274.73214285714283,293.6842105263158,330.0,1,2,HARD,0.4559975848939092,92.72022916666668,57
2026,4,Miami Gardens 2026,GAS,Pierre Gasly,Alpine,207.5,181.25,264.25,311.5,320.0,0,1,MEDIUM,0.3731398308051976,95.15933333333334,5
2026,4,Miami Gardens 2026,PER,Sergio Perez,Cadillac,198.4821428571429,171.03571428571428,273.8181818181818,272.92857142857144,318.0,1,2,MEDIUM,0.6614040891185079,96.29802127659576,56
2026,4,Miami Gardens 2026,ANT,Kimi Antonelli,Mercedes,201.9298245614035,176.140350877193,268.17857142857144,292.96491228070175,326.0,1,2,HARD,0.8288764986413832,92.79614285714284,57
2026,4,Miami Gardens 2026,ALO,Fernando Alonso,Aston Martin,197.58928571428572,174.30357142857142,262.5272727272727,278.32142857142856,329.0,1,2,MEDIUM,0.97617854812367,96.28491489361706,56
2026,4,Miami Gardens 2026,LEC,Charles Leclerc,Ferrari,203.57894736842104,179.0,271.14285714285717,287.8421052631579,322.0,1,2,HARD,0.7370221925577911,93.28710416666668,57
2026,4,Miami Gardens 2026,STR,Lance Stroll,Aston Martin,200.0,175.76785714285714,263.48148148148147,274.625,324.0,2,3,SOFT,1.0155463507846247,95.9340681818182,56
2026,4,Miami Gardens 2026,ALB,Alexander Albon,Williams,201.0,174.7017543859649,269.07142857142856,291.7719298245614,327.0,1,2,HARD,0.5345269931284838,94.6025,57
2026,4,Miami Gardens 2026,HUL,Nico Hulkenberg,Audi,199.0,163.0,250.6,218.71428571428572,300.0,2,2,MEDIUM,10.087880166318392,103.29775,7
2026,4,Miami Gardens 2026,VER,Max Verstappen,Red Bull Racing,203.42105263157896,177.57894736842104,264.01785714285717,293.57894736842104,332.0,1,2,HARD,0.6343803069748869,93.81144,57
2026,4,Miami Gardens 2026,LAW,Liam Lawson,Racing Bulls,197.83333333333337,171.0,237.2,268.5,310.0,1,1,MEDIUM,1.2150548684455909,95.69233333333334,6
2026,4,Miami Gardens 2026,OCO,Esteban Ocon,Haas F1 Team,202.71428571428572,174.78571428571428,275.76363636363635,289.0357142857143,325.0,1,2,MEDIUM,0.7012568701730113,94.9453829787234,56
2026,4,Miami Gardens 2026,LIN,Arvid Lindblad,Racing Bulls,202.57142857142856,175.08928571428572,260.3454545454546,281.10714285714283,319.0,1,2,HARD,0.9637772210858984,95.43215217391304,56
2026,4,Miami Gardens 2026,COL,Franco Colapinto,Alpine,201.87719298245617,174.75438596491227,273.0892857142857,291.6140350877193,331.0,1,2,MEDIUM,0.5178583077931214,93.92408333333331,57
2026,4,Miami Gardens 2026,HAM,Lewis Hamilton,Ferrari,198.1052631578947,174.17543859649123,275.98214285714283,290.82456140350877,326.0,1,2,HARD,0.6058015055244941,93.74093750000002,57
2026,4,Miami Gardens 2026,BOR,Gabriel Bortoleto,Audi,202.875,174.75,259.3636363636364,281.3392857142857,319.0,1,2,MEDIUM,0.9782217947587246,94.89710638297872,56
2026,4,Miami Gardens 2026,SAI,Carlos Sainz,Williams,202.87719298245617,175.140350877193,267.5892857142857,290.719298245614,322.0,1,2,HARD,0.6997034323009699,94.42585416666668,57
2026,4,Miami Gardens 2026,HAD,Isack Hadjar,Red Bull Racing,204.25,182.25,261.5,309.75,324.0,0,1,HARD,0.6358262341237573,95.363,5
2026,4,Miami Gardens 2026,RUS,George Russell,Mercedes,202.42105263157896,175.50877192982455,268.55357142857144,296.5964912280702,334.0,1,2,HARD,0.6933149245928006,93.55877083333333,57
2026,4,Miami Gardens 2026,BOT,Valtteri Bottas,Cadillac,200.0,176.16363636363636,273.75,273.72727272727275,308.0,3,4,MEDIUM,1.7108906558759491,97.97440000000002,55
2026,4,Miami Gardens 2026,PIA,Oscar Piastri,McLaren,200.35087719298247,175.87719298245614,275.7857142857143,293.9298245614035,323.0,1,2,HARD,0.7095520000536559,93.20854166666663,57
2026,4,Miami Gardens 2026,BEA,Oliver Bearman,Haas F1 Team,199.8928571428571,172.94642857142858,279.1636363636364,292.0892857142857,332.0,1,2,HARD,0.7617457024910903,94.81546808510636,56
2026,5,Montréal 2026,NOR,Lando Norris,McLaren,234.78947368421052,273.9736842105263,275.6111111111111,307.05263157894734,335.0,2,3,MEDIUM,0.9329144445872524,77.18113333333332,39
2026,5,Montréal 2026,GAS,Pierre Gasly,Alpine,239.47761194029852,280.43283582089555,274.22727272727275,305.2238805970149,348.0,1,2,HARD,1.337220708288949,77.47013559322035,67
2026,5,Montréal 2026,PER,Sergio Perez,Cadillac,227.9,265.375,272.80555555555554,298.75,340.0,4,4,SOFT,1.0983853888165085,78.78893548387096,40
2026,5,Montréal 2026,ANT,Kimi Antonelli,Mercedes,235.91176470588235,276.4264705882353,279.56716417910445,308.30882352941177,339.0,1,2,MEDIUM,1.1384080906574408,75.79104918032789,68
2026,5,Montréal 2026,ALO,Fernando Alonso,Aston Martin,228.95833333333337,268.5,270.1363636363636,308.625,336.0,2,2,SOFT,1.2251167252454724,80.83809523809524,24
2026,5,Montréal 2026,LEC,Charles Leclerc,Ferrari,233.44117647058823,273.4264705882353,276.0149253731343,304.69117647058823,332.0,1,2,MEDIUM,0.9521203365702958,76.42831666666666,68
2026,5,Montréal 2026,STR,Lance Stroll,Aston Martin,229.0625,266.453125,264.06451612903226,294.28125,315.0,2,3,SOFT,1.4098418306396594,80.69222222222223,64
2026,5,Montréal 2026,ALB,Alexander Albon,Williams,228.0909090909091,279.1818181818182,271.3636363636364,315.6363636363636,325.0,0,1,SOFT,1.7310655758167508,79.10844444444444,12
2026,5,Montréal 2026,HUL,Nico Hulkenberg,Audi,235.2121212121212,272.6515151515151,273.828125,301.54545454545456,334.0,2,3,MEDIUM,0.981785048187558,77.51303846153846,66
2026,5,Montréal 2026,VER,Max Verstappen,Red Bull Racing,237.97058823529412,274.72058823529414,282.1044776119403,304.4117647058824,329.0,1,2,MEDIUM,0.9603044721519176,76.05259016393444,68
2026,5,Montréal 2026,LAW,Liam Lawson,Racing Bulls,238.71641791044777,271.02985074626866,277.75757575757575,300.910447761194,329.0,1,2,SOFT,1.2125727467979115,77.52345762711863,67
2026,5,Montréal 2026,OCO,Esteban Ocon,Haas F1 Team,226.6818181818182,268.8484848484849,273.078125,304.04545454545456,340.0,2,3,SOFT,1.3117551939629923,78.4934,66
2026,5,Montréal 2026,COL,Franco Colapinto,Alpine,237.38805970149255,275.2089552238806,272.5,299.8358208955224,330.0,1,2,HARD,0.9600988776211736,77.20593103448275,67
2026,5,Montréal 2026,HAM,Lewis Hamilton,Ferrari,232.35294117647055,272.52941176470586,276.7313432835821,310.6617647058824,337.0,1,2,MEDIUM,1.1565112571233829,76.02981666666666,68
2026,5,Montréal 2026,BOR,Gabriel Bortoleto,Audi,234.12121212121212,270.1363636363636,270.453125,299.3939393939394,336.0,2,3,MEDIUM,1.1140054921533682,77.6169074074074,66
2026,5,Montréal 2026,SAI,Carlos Sainz,Williams,233.3134328358209,275.3880597014925,274.75384615384615,298.05970149253733,320.0,2,3,MEDIUM,0.9622406763531256,77.29513559322034,67
2026,5,Montréal 2026,HAD,Isack Hadjar,Red Bull Racing,239.53731343283584,276.97014925373134,284.015625,309.089552238806,326.0,3,4,SOFT,1.080614480923856,76.38368965517242,67
2026,5,Montréal 2026,RUS,George Russell,Mercedes,236.93103448275863,279.2758620689655,276.3103448275862,315.17241379310343,335.0,0,1,SOFT,0.8720257729665726,76.37644444444443,30
2026,5,Montréal 2026,BOT,Valtteri Bottas,Cadillac,225.453125,266.34375,270.55,289.96875,321.0,4,5,MEDIUM,1.3913152265420807,79.9443137254902,64
2026,5,Montréal 2026,PIA,Oscar Piastri,McLaren,235.57575757575756,275.90909090909093,274.6666666666667,300.1212121212121,336.0,3,4,MEDIUM,1.2084601753000364,77.19349090909091,66
2026,5,Montréal 2026,BEA,Oliver Bearman,Haas F1 Team,230.6716417910448,272.56716417910445,277.59090909090907,302.74626865671644,328.0,1,2,MEDIUM,1.0756095040499882,77.48213793103449,67
2026,6,Monte Carlo 2026,NOR,Lando Norris,McLaren,188.9318181818182,186.97727272727272,259.0,272.6136363636364,280.0,1,1,MEDIUM,0.7635086607426513,78.71619047619048,44
2026,6,Monte Carlo 2026,GAS,Pierre Gasly,Alpine,185.64102564102564,182.06410256410257,247.48648648648648,261.78205128205127,279.0,4,5,MEDIUM,1.0911274755713682,78.33515873015875,78
2026,6,Monte Carlo 2026,PER,Sergio Perez,Cadillac,178.34615384615384,179.26923076923077,245.65277777777777,257.65384615384613,274.0,6,7,MEDIUM,1.491801189173152,79.96261904761906,78
2026,6,Monte Carlo 2026,ANT,Kimi Antonelli,Mercedes,193.16666666666666,181.64102564102564,245.44594594594594,256.37179487179486,283.0,4,5,MEDIUM,1.0532059247792338,76.417296875,78
2026,6,Monte Carlo 2026,ALO,Fernando Alonso,Aston Martin,186.67948717948718,179.42307692307693,246.51388888888889,260.3076923076923,280.0,6,7,SOFT,1.2118333037036,79.6904126984127,78
2026,6,Monte Carlo 2026,LEC,Charles Leclerc,Ferrari,195.296875,185.984375,251.63934426229508,258.28125,276.0,3,4,MEDIUM,0.5978837049755782,77.04435714285715,65
2026,6,Monte Carlo 2026,STR,Lance Stroll,Aston Martin,194.17857142857142,181.60714285714286,250.96363636363637,264.80357142857144,272.0,1,2,SOFT,1.0740695675315617,79.73723076923078,57
2026,6,Monte Carlo 2026,ALB,Alexander Albon,Williams,187.30769230769232,176.42307692307693,246.63013698630138,259.03846153846155,279.0,5,6,MEDIUM,1.57848975157691,79.49509375,78
2026,6,Monte Carlo 2026,HUL,Nico Hulkenberg,Audi,185.39743589743588,179.46153846153845,250.58333333333334,270.20512820512823,285.0,6,7,HARD,1.82911801162769,79.54342857142856,78
2026,6,Monte Carlo 2026,LAW,Liam Lawson,Racing Bulls,181.02564102564102,182.05128205128204,250.98648648648648,263.62820512820514,277.0,4,5,MEDIUM,1.107207003662068,78.589984375,78
2026,6,Monte Carlo 2026,OCO,Esteban Ocon,Haas F1 Team,172.85897435897436,181.39743589743588,250.06849315068493,265.8974358974359,283.0,5,6,HARD,1.8505663729100974,79.68785937499999,78
2026,6,Monte Carlo 2026,LIN,Arvid Lindblad,Racing Bulls,183.8846153846154,178.2051282051282,249.98648648648648,264.62820512820514,281.0,4,5,MEDIUM,1.6141150936244504,79.605640625,78
2026,6,Monte Carlo 2026,COL,Franco Colapinto,Alpine,178.67948717948718,179.12820512820514,248.36986301369862,260.61538461538464,282.0,5,6,MEDIUM,1.4376550062691291,79.56538095238096,78
2026,6,Monte Carlo 2026,HAM,Lewis Hamilton,Ferrari,187.05128205128204,184.06410256410257,245.6027397260274,252.2051282051282,270.0,5,6,HARD,0.9245937330420073,76.945015625,78
2026,6,Monte Carlo 2026,BOR,Gabriel Bortoleto,Audi,179.2051282051282,178.0,248.59154929577466,267.64102564102564,287.0,7,8,HARD,2.0305490108505806,79.84298437500001,78
2026,6,Monte Carlo 2026,SAI,Carlos Sainz,Williams,181.22857142857143,176.81428571428572,246.33846153846153,259.34285714285716,280.0,5,6,MEDIUM,1.3405258296653593,79.72225,71
2026,6,Monte Carlo 2026,HAD,Isack Hadjar,Red Bull Racing,190.14102564102564,177.06410256410257,242.25675675675674,258.03846153846155,269.0,4,5,HARD,0.9356311171084408,78.01684126984127,78
2026,6,Monte Carlo 2026,RUS,George Russell,Mercedes,186.37179487179486,180.28205128205127,248.6164383561644,264.1794871794872,286.0,5,6,MEDIUM,1.380340896688724,78.13634375,78
2026,6,Monte Carlo 2026,BOT,Valtteri Bottas,Cadillac,181.375,175.9375,251.0,256.25,265.0,2,2,MEDIUM,1.1089115839862533,81.78385714285716,16
2026,6,Monte Carlo 2026,PIA,Oscar Piastri,McLaren,183.35897435897436,185.6153846153846,250.6027397260274,261.6794871794872,281.0,5,6,MEDIUM,1.03871866516504,78.07883870967741,78
2026,6,Monte Carlo 2026,BEA,Oliver Bearman,Haas F1 Team,181.67857142857142,180.46428571428572,258.38461538461536,272.17857142857144,280.0,2,2,HARD,1.8428124108379713,80.5506923076923,28
