Year,Round,RaceName,avg_air_temp,avg_track_temp,avg_humidity,avg_wind_speed,had_rain,rain_pct
2023,1,Bahrain Grand Prix,27.43167701863354,31.01180124223602,21.496894409937887,0.6832298136645961,False,0.0
2023,2,Saudi Arabian Grand Prix,26.09189189189189,31.79256756756757,57.79054054054054,1.772297297297297,False,0.0
2023,3,Australian Grand Prix,17.449549549549552,30.13963963963964,54.15765765765766,1.1270270270270266,False,0.0
2023,4,Azerbaijan Grand Prix,24.860625,41.209999999999994,49.225,1.083125,False,0.0
2023,5,Miami Grand Prix,27.11741935483871,36.689032258064515,59.42580645161291,3.970322580645162,False,0.0
2023,6,Monaco Grand Prix,25.06590909090909,39.25568181818182,45.86363636363637,1.005681818181818,True,14.772727272727272
2023,7,Spanish Grand Prix,22.674025974025977,33.838961038961045,63.077922077922075,1.8694805194805193,False,0.0
2023,8,Canadian Grand Prix,18.53024691358025,30.59320987654321,63.901234567901234,1.941975308641975,False,0.0
2023,9,Austrian Grand Prix,22.398039215686275,32.05424836601307,52.04575163398693,1.0973856209150326,True,1.96078431372549
2023,10,British Grand Prix,21.473509933774835,30.94105960264901,56.18543046357616,3.023841059602649,False,0.0
2023,11,Hungarian Grand Prix,28.808536585365857,48.579268292682926,32.80487804878049,1.4408536585365852,False,0.0
2023,12,Belgian Grand Prix,17.873333333333335,28.24066666666667,61.92666666666667,1.594666666666667,True,7.333333333333333
2023,13,Dutch Grand Prix,16.791866028708135,24.94114832535885,70.77511961722487,2.8215311004784693,True,22.966507177033492
2023,14,Italian Grand Prix,29.330128205128204,42.928205128205136,42.32051282051282,1.13974358974359,False,0.0
2023,15,Singapore Grand Prix,29.844318181818185,36.42215909090909,72.0284090909091,1.4159090909090908,False,0.0
2023,16,Japanese Grand Prix,27.28860759493671,42.070253164556966,42.31645569620253,1.8297468354430384,False,0.0
2023,17,Qatar Grand Prix,31.46289308176101,36.93207547169812,73.15723270440252,0.889937106918239,False,0.0
2023,18,United States Grand Prix,29.96011904761904,40.62857142857143,41.910714285714285,3.314285714285714,False,0.0
2023,19,Mexico City Grand Prix,25.547368421052628,45.63947368421053,23.55263157894737,1.4900000000000002,False,0.0
2023,20,São Paulo Grand Prix,20.460109289617485,46.77595628415301,58.17486338797814,1.3092896174863389,True,0.546448087431694
2023,21,Las Vegas Grand Prix,18.05,17.99444444444444,47.361111111111114,2.3009259259259256,False,0.0
2023,22,Abu Dhabi Grand Prix,26.962820512820517,33.46089743589744,51.0,1.794871794871795,False,0.0
2024,1,Bahrain Grand Prix,18.22738853503185,23.652866242038225,48.82165605095541,0.7859872611464969,False,0.0
2024,2,Saudi Arabian Grand Prix,25.528082191780825,31.59315068493151,62.33561643835616,1.3027397260273974,False,0.0
2024,3,Australian Grand Prix,20.62222222222222,38.40208333333333,44.451388888888886,0.9534722222222224,False,0.0
2024,4,Japanese Grand Prix,21.691160220994476,37.50110497237569,43.430939226519335,2.2408839779005527,False,0.0
2024,5,Chinese Grand Prix,18.63939393939394,29.792727272727273,66.06060606060606,1.68,False,0.0
2024,6,Miami Grand Prix,28.521999999999995,44.664,59.00666666666667,3.080666666666666,False,0.0
2024,7,Emilia Romagna Grand Prix,25.113986013986015,42.023776223776224,48.42657342657343,2.141258741258741,False,0.0
2024,8,Monaco Grand Prix,21.596499999999995,46.318000000000005,63.99,0.9795,False,0.0
2024,9,Canadian Grand Prix,17.797345132743363,24.569911504424784,73.38053097345133,1.169911504424779,True,27.43362831858407
2024,10,Spanish Grand Prix,24.132467532467533,41.096103896103905,63.44155844155844,2.1233766233766236,True,0.6493506493506493
2024,11,Austrian Grand Prix,29.42587412587413,46.420979020979026,35.00699300699301,1.667832167832168,True,0.6993006993006993
2024,12,British Grand Prix,15.77074829931973,27.670068027210885,67.33333333333333,1.3482993197278912,True,34.69387755102041
2024,13,Hungarian Grand Prix,28.82387096774194,44.91612903225806,46.92258064516129,1.2496774193548386,False,0.0
2024,14,Belgian Grand Prix,21.32846715328467,42.26715328467153,49.583941605839414,1.6832116788321163,False,0.0
2024,15,Dutch Grand Prix,19.00588235294118,30.80588235294118,60.96078431372549,4.568627450980392,False,0.0
2024,16,Italian Grand Prix,33.1015037593985,49.31127819548872,32.285714285714285,1.518796992481203,False,0.0
2024,17,Azerbaijan Grand Prix,26.70592105263158,44.34934210526316,38.01973684210526,1.5513157894736842,False,0.0
2024,18,Singapore Grand Prix,30.786250000000003,36.445625,74.65,0.955,False,0.0
2024,19,United States Grand Prix,28.12129032258064,46.60193548387097,35.535483870967745,1.5,False,0.0
2024,20,Mexico City Grand Prix,19.88867924528302,35.60251572327045,51.0503144654088,2.150943396226415,False,0.0
2024,21,São Paulo Grand Prix,21.662686567164172,25.769651741293536,85.2587064676617,0.735820895522388,True,58.2089552238806
2024,22,Las Vegas Grand Prix,17.825174825174823,17.723776223776223,47.86013986013986,2.8986013986013983,False,0.0
2024,23,Qatar Grand Prix,18.926490066225167,22.773509933774836,57.25165562913907,1.6576158940397352,False,0.0
2024,24,Abu Dhabi Grand Prix,26.76824324324324,31.80540540540541,51.445945945945944,1.9006756756756753,False,0.0
2025,1,Australian Grand Prix,15.707865168539326,18.94213483146067,78.42134831460675,3.475280898876404,True,32.58426966292135
2025,2,Chinese Grand Prix,27.21558441558442,35.81688311688312,18.233766233766232,2.188311688311688,False,0.0
2025,3,Japanese Grand Prix,14.429999999999998,20.514285714285716,76.37142857142857,1.202142857142857,False,0.0
2025,4,Bahrain Grand Prix,27.052531645569623,31.870253164556964,45.32911392405063,2.1056962025316457,False,0.0
2025,5,Saudi Arabian Grand Prix,29.4838028169014,37.819718309859155,62.725352112676056,1.0260563380281689,False,0.0
2025,6,Miami Grand Prix,26.573154362416112,38.69060402684564,63.02013422818792,1.046979865771812,True,3.3557046979865772
2025,7,Emilia Romagna Grand Prix,23.964666666666663,42.664,38.306666666666665,3.248,False,0.0
2025,8,Monaco Grand Prix,22.209375,43.317499999999995,52.51875,0.979375,False,0.0
2025,9,Spanish Grand Prix,29.12,48.54322580645161,54.6258064516129,1.6329032258064518,False,0.0
2025,10,Canadian Grand Prix,24.036526946107788,49.25329341317366,27.976047904191617,1.0377245508982034,True,0.5988023952095809
2025,11,Austrian Grand Prix,30.347826086956523,49.1664596273292,31.981366459627328,1.6180124223602483,False,0.0
2025,12,British Grand Prix,17.91741935483871,23.57870967741935,78.3741935483871,1.4832258064516128,True,18.064516129032256
2025,13,Belgian Grand Prix,17.030044843049332,24.09013452914799,84.4439461883408,1.446188340807175,True,45.73991031390135
2025,14,Hungarian Grand Prix,22.082165605095543,32.72993630573249,57.24203821656051,2.150955414012739,False,0.0
2025,15,Dutch Grand Prix,20.07735849056603,27.96352201257861,71.17610062893081,2.170440251572327,False,0.0
2025,16,Italian Grand Prix,26.76111111111111,43.28819444444444,42.604166666666664,1.9604166666666665,False,0.0
2025,17,Azerbaijan Grand Prix,20.55192307692308,26.107051282051284,59.833333333333336,1.5070512820512822,False,0.0
2025,18,Singapore Grand Prix,29.072049689440995,33.85217391304348,74.36024844720497,1.1111801242236024,True,3.7267080745341614
2025,19,United States Grand Prix,28.267532467532465,45.0448051948052,22.532467532467532,2.0824675324675326,False,0.0
2025,20,Mexico City Grand Prix,26.405555555555555,50.58827160493828,23.234567901234566,1.847530864197531,False,0.0
2025,21,São Paulo Grand Prix,17.348026315789475,30.69276315789474,70.57236842105263,1.5098684210526316,False,0.0
2025,22,Las Vegas Grand Prix,16.73404255319149,19.52978723404255,37.765957446808514,1.4368794326241134,False,0.0
2025,23,Qatar Grand Prix,22.5993288590604,28.160402684563756,69.04697986577182,1.251006711409396,False,0.0
2025,24,Abu Dhabi Grand Prix,26.67402597402597,31.06168831168831,60.44155844155844,1.5733766233766235,False,0.0
2026,1,Australian Grand Prix,24.23445945945946,36.134459459459464,53.972972972972975,2.5614864864864866,False,0.0
2026,2,Chinese Grand Prix,15.572368421052632,22.616447368421053,54.99802631578948,2.193421052631579,False,0.0
2026,3,Japanese Grand Prix,18.556410256410256,34.14294871794871,52.49551282051282,1.9506410256410256,False,0.0
2026,4,Miami Grand Prix,27.12559523809524,37.01190476190476,70.44821428571429,1.1517857142857142,True,1.7857142857142856
2026,5,Canadian Grand Prix,12.84875,17.8275,71.69500000000001,3.015625,False,0.0
2026,6,Monaco Grand Prix,23.677403846153847,37.97692307692308,62.19855769230769,0.8418269230769231,False,0.0
2026,7,Barcelona Grand Prix,30.52933333333333,50.28666666666667,28.865999999999996,2.5713333333333335,False,0.0
